{
  "total_crops": 13,
  "pages": [
    {
      "page_number": 1,
      "crops": [
        {
          "reading_order": 1,
          "element_id": 20,
          "element_type": "key_value_region",
          "crop_path": "output_results/batch1-0276/cropped_sections/page_001_order_001_key_value_region_id_20.png",
          "crop_filename": "page_001_order_001_key_value_region_id_20.png",
          "original_bbox": {
            "left": 131.56818644205728,
            "top": 73.09375,
            "right": 539.1946207682291,
            "bottom": 108.46170043945312,
            "width": 407.6264343261719,
            "height": 35.367950439453125
          },
          "crop_size": {
            "width": 438,
            "height": 65
          },
          "confidence": 0.647710919380188
        },
        {
          "reading_order": 2,
          "element_id": 14,
          "element_type": "text",
          "crop_path": "output_results/batch1-0276/cropped_sections/page_001_order_002_text_id_14.png",
          "crop_filename": "page_001_order_002_text_id_14.png",
          "original_bbox": {
            "left": 126.86932373046875,
            "top": 136.75605265299478,
            "right": 351.2400716145833,
            "bottom": 179.19759114583334,
            "width": 224.37074788411456,
            "height": 42.44153849283856
          },
          "crop_size": {
            "width": 255,
            "height": 73
          },
          "confidence": 0.8713292479515076
        },
        {
          "reading_order": 3,
          "element_id": 18,
          "element_type": "text",
          "crop_path": "output_results/batch1-0276/cropped_sections/page_001_order_003_text_id_18.png",
          "crop_filename": "page_001_order_003_text_id_18.png",
          "original_bbox": {
            "left": 798.8068033854166,
            "top": 139.1139119466146,
            "right": 984.4119466145834,
            "bottom": 178.0186564127604,
            "width": 185.60514322916674,
            "height": 38.904744466145814
          },
          "crop_size": {
            "width": 216,
            "height": 69
          },
          "confidence": 0.7709636092185974
        },
        {
          "reading_order": 4,
          "element_id": 15,
          "element_type": "section_header",
          "crop_path": "output_results/batch1-0276/cropped_sections/page_001_order_004_section_header_id_15.png",
          "crop_filename": "page_001_order_004_section_header_id_15.png",
          "original_bbox": {
            "left": 124.51988728841145,
            "top": 435.0257161458333,
            "right": 263.13637288411456,
            "bottom": 485.7197672526042,
            "width": 138.61648559570312,
            "height": 50.69405110677087
          },
          "crop_size": {
            "width": 169,
            "height": 80
          },
          "confidence": 0.8586516976356506
        },
        {
          "reading_order": 5,
          "element_id": 13,
          "element_type": "section_header",
          "crop_path": "output_results/batch1-0276/cropped_sections/page_001_order_005_section_header_id_13.png",
          "crop_filename": "page_001_order_005_section_header_id_13.png",
          "original_bbox": {
            "left": 821.12646484375,
            "top": 438.5625,
            "right": 957.3934733072916,
            "bottom": 481.0040283203125,
            "width": 136.26700846354163,
            "height": 42.4415283203125
          },
          "crop_size": {
            "width": 166,
            "height": 73
          },
          "confidence": 0.8867861032485962
        },
        {
          "reading_order": 6,
          "element_id": 5,
          "element_type": "text",
          "crop_path": "output_results/batch1-0276/cropped_sections/page_001_order_006_text_id_5.png",
          "crop_filename": "page_001_order_006_text_id_5.png",
          "original_bbox": {
            "left": 137.44176228841147,
            "top": 504.5826822916667,
            "right": 445.2173258463542,
            "bottom": 610.6865234375,
            "width": 307.77556355794275,
            "height": 106.10384114583331
          },
          "crop_size": {
            "width": 338,
            "height": 136
          },
          "confidence": 0.9349584579467773
        },
        {
          "reading_order": 7,
          "element_id": 2,
          "element_type": "text",
          "crop_path": "output_results/batch1-0276/cropped_sections/page_001_order_007_text_id_2.png",
          "crop_filename": "page_001_order_007_text_id_2.png",
          "original_bbox": {
            "left": 830.524169921875,
            "top": 505.7615966796875,
            "right": 1119.5042317708333,
            "bottom": 610.6865234375,
            "width": 288.98006184895826,
            "height": 104.9249267578125
          },
          "crop_size": {
            "width": 319,
            "height": 135
          },
          "confidence": 0.9474685788154602
        },
        {
          "reading_order": 8,
          "element_id": 12,
          "element_type": "key_value_region",
          "crop_path": "output_results/batch1-0276/cropped_sections/page_001_order_008_key_value_region_id_12.png",
          "crop_filename": "page_001_order_008_key_value_region_id_12.png",
          "original_bbox": {
            "left": 138.6164754231771,
            "top": 649.5912272135416,
            "right": 633.171875,
            "bottom": 714.4324544270834,
            "width": 494.5553995768229,
            "height": 64.84122721354174
          },
          "crop_size": {
            "width": 525,
            "height": 95
          },
          "confidence": 0.8985390663146973
        },
        {
          "reading_order": 9,
          "element_id": 6,
          "element_type": "text",
          "crop_path": "output_results/batch1-0276/cropped_sections/page_001_order_009_text_id_6.png",
          "crop_filename": "page_001_order_009_text_id_6.png",
          "original_bbox": {
            "left": 829.3494466145834,
            "top": 649.5912272135416,
            "right": 1118.32958984375,
            "bottom": 681.4224039713541,
            "width": 288.98014322916663,
            "height": 31.8311767578125
          },
          "crop_size": {
            "width": 319,
            "height": 62
          },
          "confidence": 0.9246639609336853
        },
        {
          "reading_order": 10,
          "element_id": 4,
          "element_type": "section_header",
          "crop_path": "output_results/batch1-0276/cropped_sections/page_001_order_010_section_header_id_4.png",
          "crop_filename": "page_001_order_010_section_header_id_4.png",
          "original_bbox": {
            "left": 125.69460042317708,
            "top": 755.695068359375,
            "right": 254.9133504231771,
            "bottom": 795.7787272135416,
            "width": 129.21875,
            "height": 40.08365885416663
          },
          "crop_size": {
            "width": 159,
            "height": 70
          },
          "confidence": 0.9382933378219604
        },
        {
          "reading_order": 11,
          "element_id": 0,
          "element_type": "table",
          "crop_path": "output_results/batch1-0276/cropped_sections/page_001_order_011_table_id_0.png",
          "crop_filename": "page_001_order_011_table_id_0.png",
          "original_bbox": {
            "left": 130.85951232910156,
            "top": 825.4688720703125,
            "right": 1519.928466796875,
            "bottom": 1089.59375,
            "width": 1389.0689544677734,
            "height": 264.1248779296875
          },
          "crop_size": {
            "width": 1419,
            "height": 294
          },
          "confidence": 0.9880573749542236
        },
        {
          "reading_order": 12,
          "element_id": 3,
          "element_type": "section_header",