{
  "source_type": ".jpg",
  "document_metadata": {
    "total_pages": 1,
    "element_statistics": {
      "total_elements": 11,
      "by_type": {
        "key_value_region": 2,
        "section_header": 4,
        "text": 3,
        "table": 2
      }
    },
    "page_dimensions": [
      {
        "width": 1654.0,
        "height": 2339.0
      }
    ]
  },
  "pages": [
    {
      "page_number": 1,
      "dimensions": {
        "width": 1654.0,
        "height": 2339.0
      },
      "elements": [
        {
          "id": 27,
          "index": 0,
          "reading_order": 1,
          "reading_order_method": "spatial",
          "type": "key_value_region",
          "bounding_box": {
            "left": 128.04403686523438,
            "top": 73.09375,
            "right": 982.0625,
            "bottom": 176.8397216796875,
            "width": 854.0184631347656,
            "height": 103.7459716796875
          },
          "confidence": 0.5051721930503845,
          "cell_count": 3
        },
        {
          "id": 16,
          "index": 1,
          "reading_order": 2,
          "reading_order_method": "spatial",
          "type": "section_header",
          "bounding_box": {
            "left": 123.34517415364583,
            "top": 438.5625,
            "right": 261.96164957682294,
            "bottom": 482.1829833984375,
            "width": 138.61647542317712,
            "height": 43.6204833984375
          },
          "confidence": 0.7728099226951599,
          "cell_count": 1
        },
        {
          "id": 10,
          "index": 2,
          "reading_order": 3,
          "reading_order_method": "spatial",
          "type": "section_header",
          "bounding_box": {
            "left": 821.12646484375,
            "top": 438.5625,
            "right": 957.3934733072916,
            "bottom": 481.0040283203125,
            "width": 136.26700846354163,
            "height": 42.4415283203125
          },
          "confidence": 0.9102186560630798,
          "cell_count": 1
        },
        {
          "id": 3,
          "index": 4,
          "reading_order": 4,
          "reading_order_method": "spatial",
          "type": "text",
          "bounding_box": {
            "left": 133.91761271158853,
            "top": 503.4037272135417,
            "right": 341.8423258463542,
            "bottom": 609.507568359375,
            "width": 207.92471313476565,
            "height": 106.10384114583331
          },
          "confidence": 0.9541675448417664,
          "cell_count": 3
        },
        {
          "id": 2,
          "index": 5,
          "reading_order": 5,
          "reading_order_method": "spatial",
          "type": "text",
          "bounding_box": {
            "left": 830.524169921875,
            "top": 505.7615966796875,
            "right": 1346.2244466145833,
            "bottom": 610.6865234375,
            "width": 515.7002766927083,
            "height": 104.9249267578125
          },
          "confidence": 0.9655576944351196,
          "cell_count": 3
        },
        {
          "id": 12,
          "index": 3,
          "reading_order": 6,
          "reading_order_method": "spatial",
          "type": "key_value_region",
          "bounding_box": {
            "left": 137.44176228841147,
            "top": 649.5912272135416,
            "right": 624.9488525390625,
            "bottom": 713.2535807291666,
            "width": 487.507090250651,
            "height": 63.662353515625
          },
          "confidence": 0.9016523361206055,
          "cell_count": 10
        },
        {
          "id": 6,
          "index": 6,
          "reading_order": 7,
          "reading_order_method": "spatial",
          "type": "text",
          "bounding_box": {
            "left": 830.524169921875,
            "top": 649.5912272135416,
            "right": 1121.8536783854167,
            "bottom": 681.4224039713541,
            "width": 291.32950846354174,
            "height": 31.8311767578125
          },
          "confidence": 0.9247637987136841,
          "cell_count": 1
        },
        {
          "id": 5,
          "index": 7,
          "reading_order": 8,
          "reading_order_method": "spatial",
          "type": "section_header",
          "bounding_box": {
            "left": 125.69460042317708,
            "top": 755.695068359375,
            "right": 254.9133504231771,
            "bottom": 795.7787272135416,
            "width": 129.21875,
            "height": 40.08365885416663
          },
          "confidence": 0.939639687538147,
          "cell_count": 1
        },
        {
          "id": 0,
          "index": 8,
          "reading_order": 9,
          "reading_order_method": "spatial",
          "type": "table",
          "bounding_box": {
            "left": 130.7353057861328,
            "top": 825.0888061523438,
            "right": 1519.85009765625,
            "bottom": 1149.271728515625,
            "width": 1389.1147918701172,
            "height": 324.18292236328125
          },
          "confidence": 0.9895855784416199,
          "cell_count": 35
        },
        {
          "id": 4,
          "index": 9,
          "reading_order": 10,
          "reading_order_method": "spatial",
          "type": "section_header",
          "bounding_box": {
            "left": 129.21875,
            "top": 1197.7943522135417,
            "right": 332.44460042317706,
            "bottom": 1233.162353515625,
            "width": 203.22585042317706,
            "height": 35.36800130208326
          },
          "confidence": 0.9455525279045105,
          "cell_count": 1
        },
        {
          "id": 1,
          "index": 10,
          "reading_order": 11,
          "reading_order_method": "spatial",
          "type": "table",
          "bounding_box": {
            "left": 131.29087829589844,
            "top": 1264.7994384765625,
            "right": 1519.823974609375,
            "bottom": 1444.1827392578125,
            "width": 1388.5330963134766,
            "height": 179.38330078125
          },
          "confidence": 0.9820441007614136,
          "cell_count": 12
        }
      ],
      "element_count": 11,
      "has_image": false,
      "reading_order_available": true,
      "reading_order_method": "spatial"
    }
  ]
}