{
  "source_type": ".jpg",
  "document_metadata": {
    "total_pages": 1,
    "element_statistics": {
      "total_elements": 13,
      "by_type": {
        "key_value_region": 3,
        "section_header": 4,
        "text": 4,
        "table": 2
      }
    },
    "page_dimensions": [
      {
        "width": 1654.0,
        "height": 2339.0
      }
    ]
  },
  "pages": [
    {
      "page_number": 1,
      "dimensions": {
        "width": 1654.0,
        "height": 2339.0
      },
      "elements": [
        {
          "id": 22,
          "index": 0,
          "reading_order": 1,
          "reading_order_method": "spatial",
          "type": "key_value_region",
          "bounding_box": {
            "left": 130.39346313476562,
            "top": 73.09375,
            "right": 982.0625,
            "bottom": 176.8397216796875,
            "width": 851.6690368652344,
            "height": 103.7459716796875
          },
          "confidence": 0.557704508304596,
          "cell_count": 3
        },
        {
          "id": 15,
          "index": 1,
          "reading_order": 2,
          "reading_order_method": "spatial",
          "type": "section_header",
          "bounding_box": {
            "left": 128.04403686523438,
            "top": 439.741455078125,
            "right": 260.78692626953125,
            "bottom": 482.1829833984375,
            "width": 132.74288940429688,
            "height": 42.4415283203125
          },
          "confidence": 0.8633030652999878,
          "cell_count": 1
        },
        {
          "id": 9,
          "index": 2,
          "reading_order": 3,
          "reading_order_method": "spatial",
          "type": "section_header",
          "bounding_box": {
            "left": 823.475830078125,
            "top": 440.9203694661458,
            "right": 956.21875,
            "bottom": 481.0040283203125,
            "width": 132.742919921875,
            "height": 40.083658854166686
          },
          "confidence": 0.914316713809967,
          "cell_count": 1
        },
        {
          "id": 2,
          "index": 3,
          "reading_order": 4,
          "reading_order_method": "spatial",
          "type": "text",
          "bounding_box": {
            "left": 138.6164754231771,
            "top": 506.9405517578125,
            "right": 527.4474283854166,
            "bottom": 611.8654378255209,
            "width": 388.8309529622395,
            "height": 104.92488606770837
          },
          "confidence": 0.9656230807304382,
          "cell_count": 3
        },
        {
          "id": 4,
          "index": 4,
          "reading_order": 5,
          "reading_order_method": "spatial",
          "type": "text",
          "bounding_box": {
            "left": 830.524169921875,
            "top": 505.7615966796875,
            "right": 1268.6931966145833,
            "bottom": 611.8654378255209,
            "width": 438.16902669270826,
            "height": 106.10384114583337
          },
          "confidence": 0.9431470036506653,
          "cell_count": 3
        },
        {
          "id": 11,
          "index": 5,
          "reading_order": 6,
          "reading_order_method": "spatial",
          "type": "key_value_region",
          "bounding_box": {
            "left": 138.6164754231771,
            "top": 649.5912272135416,
            "right": 427.5965983072917,
            "bottom": 680.2434488932291,
            "width": 288.9801228841146,
            "height": 30.6522216796875
          },
          "confidence": 0.9130181670188904,
          "cell_count": 1
        },
        {
          "id": 6,
          "index": 6,
          "reading_order": 7,
          "reading_order_method": "spatial",
          "type": "text",
          "bounding_box": {
            "left": 830.524169921875,
            "top": 649.5912272135416,
            "right": 1119.5042317708333,
            "bottom": 681.4224039713541,
            "width": 288.98006184895826,
            "height": 31.8311767578125
          },
          "confidence": 0.9264950752258301,
          "cell_count": 1
        },
        {
          "id": 17,
          "index": 12,
          "reading_order": 8,
          "reading_order_method": "spatial",
          "type": "key_value_region",
          "bounding_box": {
            "left": 831.7250366210938,
            "top": 649.9075927734375,
            "right": 1115.9273681640625,
            "bottom": 675.7009887695312,
            "width": 284.20233154296875,
            "height": 25.79339599609375
          },
          "confidence": 0.7870317697525024,
          "cell_count": 0
        },
        {
          "id": 7,
          "index": 7,
          "reading_order": 9,
          "reading_order_method": "spatial",
          "type": "text",
          "bounding_box": {
            "left": 137.44176228841147,
            "top": 682.601318359375,
            "right": 631.9971516927084,
            "bottom": 716.7903645833334,
            "width": 494.5553894042969,
            "height": 34.18904622395837
          },
          "confidence": 0.9238669276237488,
          "cell_count": 1
        },
        {
          "id": 5,
          "index": 8,
          "reading_order": 10,
          "reading_order_method": "spatial",
          "type": "section_header",
          "bounding_box": {
            "left": 126.86932373046875,
            "top": 755.695068359375,
            "right": 254.9133504231771,
            "bottom": 795.7787272135416,
            "width": 128.04402669270834,
            "height": 40.08365885416663
          },
          "confidence": 0.9414736032485962,
          "cell_count": 1
        },
        {
          "id": 0,
          "index": 9,
          "reading_order": 11,
          "reading_order_method": "spatial",
          "type": "table",
          "bounding_box": {
            "left": 130.13668823242188,
            "top": 824.2139892578125,
            "right": 1520.516357421875,
            "bottom": 1664.5726318359375,
            "width": 1390.3796691894531,
            "height": 840.358642578125
          },
          "confidence": 0.992741584777832,
          "cell_count": 77
        },
        {
          "id": 3,
          "index": 10,
          "reading_order": 12,
          "reading_order_method": "spatial",
          "type": "section_header",
          "bounding_box": {
            "left": 129.21875,
            "top": 1712.9874674479167,
            "right": 331.2698974609375,
            "bottom": 1748.3553059895833,
            "width": 202.0511474609375,
            "height": 35.367838541666515
          },
          "confidence": 0.9473559856414795,
          "cell_count": 1
        },
        {
          "id": 1,
          "index": 11,
          "reading_order": 13,
          "reading_order_method": "spatial",
          "type": "table",
          "bounding_box": {
            "left": 131.48623657226562,
            "top": 1779.4888916015625,
            "right": 1519.21875,
            "bottom": 1959.1107177734375,
            "width": 1387.7325134277344,
            "height": 179.621826171875
          },
          "confidence": 0.98282790184021,
          "cell_count": 12
        }
      ],
      "element_count": 13,
      "has_image": false,
      "reading_order_available": true,
      "reading_order_method": "spatial"
    }
  ]
}