{
  "source_type": ".jpg",
  "document_metadata": {
    "total_pages": 1,
    "element_statistics": {
      "total_elements": 11,
      "by_type": {
        "key_value_region": 3,
        "section_header": 4,
        "text": 2,
        "table": 2
      }
    },
    "page_dimensions": [
      {
        "width": 1654.0,
        "height": 2339.0
      }
    ]
  },
  "pages": [
    {
      "page_number": 1,
      "dimensions": {
        "width": 1654.0,
        "height": 2339.0
      },
      "elements": [
        {
          "id": 24,
          "index": 0,
          "reading_order": 1,
          "reading_order_method": "spatial",
          "type": "key_value_region",
          "bounding_box": {
            "left": 130.39346313476562,
            "top": 73.09375,
            "right": 982.0625,
            "bottom": 176.8397216796875,
            "width": 851.6690368652344,
            "height": 103.7459716796875
          },
          "confidence": 0.5683915019035339,
          "cell_count": 3
        },
        {
          "id": 11,
          "index": 1,
          "reading_order": 2,
          "reading_order_method": "spatial",
          "type": "section_header",
          "bounding_box": {
            "left": 128.04403686523438,
            "top": 439.741455078125,
            "right": 260.78692626953125,
            "bottom": 481.0040283203125,
            "width": 132.74288940429688,
            "height": 41.2625732421875
          },
          "confidence": 0.9128056168556213,
          "cell_count": 1
        },
        {
          "id": 7,
          "index": 2,
          "reading_order": 3,
          "reading_order_method": "spatial",
          "type": "section_header",
          "bounding_box": {
            "left": 823.475830078125,
            "top": 440.9203694661458,
            "right": 955.0440266927084,
            "bottom": 479.8251139322917,
            "width": 131.56819661458337,
            "height": 38.90474446614587
          },
          "confidence": 0.9293643236160278,
          "cell_count": 1
        },
        {
          "id": 2,
          "index": 3,
          "reading_order": 4,
          "reading_order_method": "spatial",
          "type": "text",
          "bounding_box": {
            "left": 138.6164754231771,
            "top": 505.7615966796875,
            "right": 543.8934733072916,
            "bottom": 611.8654378255209,
            "width": 405.2769978841145,
            "height": 106.10384114583337
          },
          "confidence": 0.9716901779174805,
          "cell_count": 3
        },
        {
          "id": 5,
          "index": 4,
          "reading_order": 5,
          "reading_order_method": "spatial",
          "type": "text",
          "bounding_box": {
            "left": 830.524169921875,
            "top": 503.4037272135417,
            "right": 1209.9573567708333,
            "bottom": 614.2233072916666,
            "width": 379.43318684895826,
            "height": 110.81958007812494
          },
          "confidence": 0.9429575800895691,
          "cell_count": 3
        },
        {
          "id": 9,
          "index": 5,
          "reading_order": 6,
          "reading_order_method": "spatial",
          "type": "key_value_region",
          "bounding_box": {
            "left": 137.44176228841147,
            "top": 649.5912272135416,
            "right": 631.9971516927084,
            "bottom": 717.96923828125,
            "width": 494.5553894042969,
            "height": 68.37801106770837
          },
          "confidence": 0.9236893653869629,
          "cell_count": 2
        },
        {
          "id": 16,
          "index": 6,
          "reading_order": 7,
          "reading_order_method": "spatial",
          "type": "key_value_region",
          "bounding_box": {
            "left": 830.524169921875,
            "top": 649.5912272135416,
            "right": 1119.5042317708333,
            "bottom": 681.4224039713541,
            "width": 288.98006184895826,
            "height": 31.8311767578125
          },
          "confidence": 0.8190307021141052,
          "cell_count": 1
        },
        {
          "id": 4,
          "index": 7,
          "reading_order": 8,
          "reading_order_method": "spatial",
          "type": "section_header",
          "bounding_box": {
            "left": 126.86932373046875,
            "top": 755.695068359375,
            "right": 254.9133504231771,
            "bottom": 795.7787272135416,
            "width": 128.04402669270834,
            "height": 40.08365885416663
          },
          "confidence": 0.9438088536262512,
          "cell_count": 1
        },
        {
          "id": 0,
          "index": 8,
          "reading_order": 9,
          "reading_order_method": "spatial",
          "type": "table",
          "bounding_box": {
            "left": 130.34564208984375,
            "top": 824.3214111328125,
            "right": 1520.21923828125,
            "bottom": 1548.1878662109375,
            "width": 1389.8735961914062,
            "height": 723.866455078125
          },
          "confidence": 0.9922339916229248,
          "cell_count": 67
        },
        {
          "id": 3,
          "index": 9,
          "reading_order": 10,
          "reading_order_method": "spatial",
          "type": "section_header",
          "bounding_box": {
            "left": 128.04403686523438,
            "top": 1596.2732747395833,
            "right": 331.2698974609375,
            "bottom": 1635.1778971354167,
            "width": 203.22586059570312,
            "height": 38.904622395833485
          },
          "confidence": 0.945452094078064,
          "cell_count": 1
        },
        {
          "id": 1,
          "index": 10,
          "reading_order": 11,
          "reading_order_method": "spatial",
          "type": "table",
          "bounding_box": {
            "left": 131.37709045410156,
            "top": 1664.0830078125,
            "right": 1518.955810546875,
            "bottom": 1844.0126953125,
            "width": 1387.5787200927734,
            "height": 179.9296875
          },
          "confidence": 0.9825877547264099,
          "cell_count": 12
        }
      ],
      "element_count": 11,
      "has_image": false,
      "reading_order_available": true,
      "reading_order_method": "spatial"
    }
  ]
}