{
  "source_type": ".tif",
  "document_metadata": {
    "total_pages": 1,
    "element_statistics": {
      "total_elements": 8,
      "by_type": {
        "section_header": 1,
        "key_value_region": 2,
        "picture": 1,
        "text": 1,
        "page_footer": 3
      }
    },
    "page_dimensions": [
      {
        "width": 766.0,
        "height": 1000.0
      }
    ]
  },
  "pages": [
    {
      "page_number": 1,
      "dimensions": {
        "width": 766.0,
        "height": 1000.0
      },
      "elements": [
        {
          "id": 45,
          "index": 0,
          "reading_order": 1,
          "reading_order_method": "spatial",
          "type": "section_header",
          "bounding_box": {
            "left": 111.20963541666667,
            "top": 51.915323893229164,
            "right": 294.73046875,
            "bottom": 92.74193318684895,
            "width": 183.52083333333331,
            "height": 40.82660929361979
          },
          "confidence": 0.45564112067222595,
          "cell_count": 2
        },
        {
          "id": 47,
          "index": 1,
          "reading_order": 2,
          "reading_order_method": "spatial",
          "type": "key_value_region",
          "bounding_box": {
            "left": 104.22786458333333,
            "top": 115.9274190266927,
            "right": 737.0755208333334,
            "bottom": 600.3024088541666,
            "width": 632.84765625,
            "height": 484.37498982747394
          },
          "confidence": 0.4500255584716797,
          "cell_count": 35
        },
        {
          "id": 37,
          "index": 2,
          "reading_order": 3,
          "reading_order_method": "spatial",
          "type": "picture",
          "bounding_box": {
            "left": 543.3394165039062,
            "top": 196.1255340576172,
            "right": 748.3411865234375,
            "bottom": 296.01641845703125,
            "width": 205.00177001953125,
            "height": 99.89088439941406
          },
          "confidence": 0.5713992118835449,
          "cell_count": 5
        },
        {
          "id": 26,
          "index": 3,
          "reading_order": 4,
          "reading_order_method": "spatial",
          "type": "key_value_region",
          "bounding_box": {
            "left": 198.98046875,
            "top": 553.4274088541666,
            "right": 444.33984375,
            "bottom": 615.9274088541666,
            "width": 245.359375,
            "height": 62.5
          },
          "confidence": 0.7199512720108032,
          "cell_count": 7
        },
        {
          "id": 3,
          "index": 4,
          "reading_order": 5,
          "reading_order_method": "spatial",
          "type": "text",
          "bounding_box": {
            "left": 363.55078125,
            "top": 792.3387044270834,
            "right": 575.99609375,
            "bottom": 870.9677734375,
            "width": 212.4453125,
            "height": 78.62906901041663
          },
          "confidence": 0.8910160660743713,
          "cell_count": 5
        },
        {
          "id": 30,
          "index": 5,
          "reading_order": 6,
          "reading_order_method": "spatial",
          "type": "page_footer",
          "bounding_box": {
            "left": 646.3125,
            "top": 804.9395345052084,
            "right": 667.2578125,
            "bottom": 908.26611328125,
            "width": 20.9453125,
            "height": 103.32657877604163
          },
          "confidence": 0.6240242719650269,
          "cell_count": 1
        },
        {
          "id": 7,
          "index": 7,
          "reading_order": 7,
          "reading_order_method": "spatial",
          "type": "page_footer",
          "bounding_box": {
            "left": 113.20442708333333,
            "top": 960.1814778645834,
            "right": 348.0911458333333,
            "bottom": 976.3104654947916,
            "width": 234.88671875,
            "height": 16.128987630208258
          },
          "confidence": 0.8786497712135315,
          "cell_count": 1
        },
        {
          "id": 14,
          "index": 6,
          "reading_order": 8,
          "reading_order_method": "spatial",
          "type": "page_footer",
          "bounding_box": {
            "left": 366.54296875,
            "top": 943.54833984375,
            "right": 451.8203125,
            "bottom": 961.1895345052084,
            "width": 85.27734375,
            "height": 17.64119466145837
          },
          "confidence": 0.8224396705627441,
          "cell_count": 2
        }
      ],
      "element_count": 8,
      "has_image": false,
      "reading_order_available": true,
      "reading_order_method": "spatial"
    }
  ]
}