{
  "source_type": ".jpg",
  "document_metadata": {
    "total_pages": 1,
    "element_statistics": {
      "total_elements": 11,
      "by_type": {
        "key_value_region": 2,
        "section_header": 4,
        "text": 3,
        "table": 2
      }
    },
    "page_dimensions": [
      {
        "width": 1654.0,
        "height": 2339.0
      }
    ]
  },
  "pages": [
    {
      "page_number": 1,
      "dimensions": {
        "width": 1654.0,
        "height": 2339.0
      },
      "elements": [
        {
          "id": 25,
          "index": 0,
          "reading_order": 1,
          "reading_order_method": "spatial",
          "type": "key_value_region",
          "bounding_box": {
            "left": 128.04403686523438,
            "top": 71.91482035319011,
            "right": 984.4119466145834,
            "bottom": 176.8397216796875,
            "width": 856.367909749349,
            "height": 104.92490132649739
          },
          "confidence": 0.5363675951957703,
          "cell_count": 3
        },
        {
          "id": 14,
          "index": 1,
          "reading_order": 2,
          "reading_order_method": "spatial",
          "type": "section_header",
          "bounding_box": {
            "left": 128.04403686523438,
            "top": 438.5625,
            "right": 260.78692626953125,
            "bottom": 482.1829833984375,
            "width": 132.74288940429688,
            "height": 43.6204833984375
          },
          "confidence": 0.889343798160553,
          "cell_count": 1
        },
        {
          "id": 6,
          "index": 2,
          "reading_order": 3,
          "reading_order_method": "spatial",
          "type": "section_header",
          "bounding_box": {
            "left": 822.3011067708334,
            "top": 438.5625,
            "right": 956.21875,
            "bottom": 481.0040283203125,
            "width": 133.91764322916663,
            "height": 42.4415283203125
          },
          "confidence": 0.9257245063781738,
          "cell_count": 1
        },
        {
          "id": 2,
          "index": 3,
          "reading_order": 4,
          "reading_order_method": "spatial",
          "type": "text",
          "bounding_box": {
            "left": 137.44176228841147,
            "top": 503.4037272135417,
            "right": 530.9715983072916,
            "bottom": 613.0443522135416,
            "width": 393.52983601888013,
            "height": 109.64062499999994
          },
          "confidence": 0.960911214351654,
          "cell_count": 3
        },
        {
          "id": 3,
          "index": 5,
          "reading_order": 5,
          "reading_order_method": "spatial",
          "type": "text",
          "bounding_box": {
            "left": 830.524169921875,
            "top": 505.7615966796875,
            "right": 1126.5525716145833,
            "bottom": 610.6865234375,
            "width": 296.02840169270826,
            "height": 104.9249267578125
          },
          "confidence": 0.9536895155906677,
          "cell_count": 3
        },
        {
          "id": 10,
          "index": 4,
          "reading_order": 6,
          "reading_order_method": "spatial",
          "type": "key_value_region",
          "bounding_box": {
            "left": 137.44176228841147,
            "top": 649.5912272135416,
            "right": 635.5213216145834,
            "bottom": 714.4324544270834,
            "width": 498.0795593261719,
            "height": 64.84122721354174
          },
          "confidence": 0.9136805534362793,
          "cell_count": 9
        },
        {
          "id": 8,
          "index": 6,
          "reading_order": 7,
          "reading_order_method": "spatial",
          "type": "text",
          "bounding_box": {
            "left": 830.524169921875,
            "top": 649.5912272135416,
            "right": 1119.5042317708333,
            "bottom": 681.4224039713541,
            "width": 288.98006184895826,
            "height": 31.8311767578125
          },
          "confidence": 0.9240062236785889,
          "cell_count": 1
        },
        {
          "id": 5,
          "index": 7,
          "reading_order": 8,
          "reading_order_method": "spatial",
          "type": "section_header",
          "bounding_box": {
            "left": 126.86932373046875,
            "top": 755.695068359375,
            "right": 254.9133504231771,
            "bottom": 796.9576822916666,
            "width": 128.04402669270834,
            "height": 41.26261393229163
          },
          "confidence": 0.9431397914886475,
          "cell_count": 1
        },
        {
          "id": 0,
          "index": 8,
          "reading_order": 9,
          "reading_order_method": "spatial",
          "type": "table",
          "bounding_box": {
            "left": 130.36111450195312,
            "top": 824.5816040039062,
            "right": 1520.639404296875,
            "bottom": 1489.9078369140625,
            "width": 1390.2782897949219,
            "height": 665.3262329101562
          },
          "confidence": 0.9914097189903259,
          "cell_count": 58
        },
        {
          "id": 4,
          "index": 9,
          "reading_order": 10,
          "reading_order_method": "spatial",
          "type": "section_header",
          "bounding_box": {
            "left": 128.04403686523438,
            "top": 1537.32666015625,
            "right": 332.44460042317706,
            "bottom": 1576.2314453125,
            "width": 204.4005635579427,
            "height": 38.90478515625
          },
          "confidence": 0.9500452876091003,
          "cell_count": 1
        },
        {
          "id": 1,
          "index": 10,
          "reading_order": 11,
          "reading_order_method": "spatial",
          "type": "table",
          "bounding_box": {
            "left": 131.31552124023438,
            "top": 1604.90478515625,
            "right": 1519.034423828125,
            "bottom": 1785.525634765625,
            "width": 1387.7189025878906,
            "height": 180.620849609375
          },
          "confidence": 0.9813348054885864,
          "cell_count": 12
        }
      ],
      "element_count": 11,
      "has_image": false,
      "reading_order_available": true,
      "reading_order_method": "spatial"
    }
  ]
}