{
  "total_crops": 12,
  "pages": [
    {
      "page_number": 1,
      "crops": [
        {
          "reading_order": 1,
          "element_id": 25,
          "element_type": "key_value_region",
          "crop_path": "output_results/batch1-0029/cropped_sections/page_001_order_001_key_value_region_id_25.png",
          "crop_filename": "page_001_order_001_key_value_region_id_25.png",
          "original_bbox": {
            "left": 130.39346313476562,
            "top": 73.09375,
            "right": 982.0625,
            "bottom": 176.8397216796875,
            "width": 851.6690368652344,
            "height": 103.7459716796875
          },
          "crop_size": {
            "width": 882,
            "height": 133
          },
          "confidence": 0.5320363640785217
        },
        {
          "reading_order": 2,
          "element_id": 15,
          "element_type": "section_header",
          "crop_path": "output_results/batch1-0029/cropped_sections/page_001_order_002_section_header_id_15.png",
          "crop_filename": "page_001_order_002_section_header_id_15.png",
          "original_bbox": {
            "left": 125.69460042317708,
            "top": 439.741455078125,
            "right": 263.13637288411456,
            "bottom": 482.1829833984375,
            "width": 137.4417724609375,
            "height": 42.4415283203125
          },
          "crop_size": {
            "width": 168,
            "height": 73
          },
          "confidence": 0.8472194671630859
        },
        {
          "reading_order": 3,
          "element_id": 11,
          "element_type": "section_header",
          "crop_path": "output_results/batch1-0029/cropped_sections/page_001_order_003_section_header_id_11.png",
          "crop_filename": "page_001_order_003_section_header_id_11.png",
          "original_bbox": {
            "left": 823.475830078125,
            "top": 440.9203694661458,
            "right": 957.3934733072916,
            "bottom": 481.0040283203125,
            "width": 133.91764322916663,
            "height": 40.083658854166686
          },
          "crop_size": {
            "width": 164,
            "height": 71
          },
          "confidence": 0.9094395041465759
        },
        {
          "reading_order": 4,
          "element_id": 2,
          "element_type": "text",
          "crop_path": "output_results/batch1-0029/cropped_sections/page_001_order_004_text_id_2.png",
          "crop_filename": "page_001_order_004_text_id_2.png",
          "original_bbox": {
            "left": 137.44176228841147,
            "top": 503.4037272135417,
            "right": 529.796875,
            "bottom": 613.0443522135416,
            "width": 392.3551127115885,
            "height": 109.64062499999994
          },
          "crop_size": {
            "width": 422,
            "height": 140
          },
          "confidence": 0.969999372959137
        },
        {
          "reading_order": 5,
          "element_id": 3,
          "element_type": "text",
          "crop_path": "output_results/batch1-0029/cropped_sections/page_001_order_005_text_id_3.png",
          "crop_filename": "page_001_order_005_text_id_3.png",
          "original_bbox": {
            "left": 830.524169921875,
            "top": 502.2248128255208,
            "right": 1231.102294921875,
            "bottom": 610.6865234375,
            "width": 400.578125,
            "height": 108.46171061197919
          },
          "crop_size": {
            "width": 431,
            "height": 138
          },
          "confidence": 0.9561012983322144
        },
        {
          "reading_order": 6,
          "element_id": 12,
          "element_type": "key_value_region",
          "crop_path": "output_results/batch1-0029/cropped_sections/page_001_order_006_key_value_region_id_12.png",
          "crop_filename": "page_001_order_006_key_value_region_id_12.png",
          "original_bbox": {
            "left": 138.6164754231771,
            "top": 649.5912272135416,
            "right": 428.7713216145833,
            "bottom": 680.2434488932291,
            "width": 290.15484619140625,
            "height": 30.6522216796875
          },
          "crop_size": {
            "width": 320,
            "height": 61
          },
          "confidence": 0.9079610705375671
        },
        {
          "reading_order": 7,
          "element_id": 17,
          "element_type": "key_value_region",
          "crop_path": "output_results/batch1-0029/cropped_sections/page_001_order_007_key_value_region_id_17.png",
          "crop_filename": "page_001_order_007_key_value_region_id_17.png",
          "original_bbox": {
            "left": 830.524169921875,
            "top": 649.5912272135416,
            "right": 1120.678955078125,
            "bottom": 681.4224039713541,
            "width": 290.15478515625,
            "height": 31.8311767578125
          },
          "crop_size": {
            "width": 320,
            "height": 62
          },
          "confidence": 0.7799327373504639
        },
        {
          "reading_order": 8,
          "element_id": 7,
          "element_type": "text",
          "crop_path": "output_results/batch1-0029/cropped_sections/page_001_order_008_text_id_7.png",
          "crop_filename": "page_001_order_008_text_id_7.png",
          "original_bbox": {
            "left": 138.6164754231771,
            "top": 684.9591471354166,
            "right": 635.5213216145834,
            "bottom": 715.6114095052084,
            "width": 496.90484619140625,
            "height": 30.652262369791742
          },
          "crop_size": {
            "width": 527,
            "height": 61
          },
          "confidence": 0.9233322143554688
        },
        {
          "reading_order": 9,
          "element_id": 5,
          "element_type": "section_header",
          "crop_path": "output_results/batch1-0029/cropped_sections/page_001_order_009_section_header_id_5.png",
          "crop_filename": "page_001_order_009_section_header_id_5.png",
          "original_bbox": {
            "left": 126.86932373046875,
            "top": 755.695068359375,
            "right": 254.9133504231771,
            "bottom": 796.9576822916666,
            "width": 128.04402669270834,
            "height": 41.26261393229163
          },
          "crop_size": {
            "width": 158,
            "height": 71
          },
          "confidence": 0.942415714263916
        },
        {
          "reading_order": 10,
          "element_id": 0,
          "element_type": "table",
          "crop_path": "output_results/batch1-0029/cropped_sections/page_001_order_010_table_id_0.png",
          "crop_filename": "page_001_order_010_table_id_0.png",
          "original_bbox": {
            "left": 130.2380828857422,
            "top": 823.8638916015625,
            "right": 1520.6729736328125,
            "bottom": 1719.442138671875,
            "width": 1390.4348907470703,
            "height": 895.5782470703125
          },
          "crop_size": {
            "width": 1420,
            "height": 926
          },
          "confidence": 0.9925023317337036
        },
        {
          "reading_order": 11,
          "element_id": 4,
          "element_type": "section_header",
          "crop_path": "output_results/batch1-0029/cropped_sections/page_001_order_011_section_header_id_4.png",
          "crop_filename": "page_001_order_011_section_header_id_4.png",
          "original_bbox": {
            "left": 128.04403686523438,
            "top": 1764.8603515625,
            "right": 331.2698974609375,
            "bottom": 1803.76513671875,
            "width": 203.22586059570312,
            "height": 38.90478515625
          },
          "crop_size": {
            "width": 233,
            "height": 69
          },
          "confidence": 0.9507785439491272
        },
        {
          "reading_order": 12,
          "element_id": 1,
          "element_type": "table",