{
  "source_type": ".pdf",
  "document_metadata": {
    "total_pages": 1,
    "element_statistics": {
      "total_elements": 4,
      "by_type": {
        "picture": 1,
        "text": 2,
        "table": 1
      }
    },
    "page_dimensions": [
      {
        "width": 221.75999450683594,
        "height": 617.52001953125
      }
    ]
  },
  "pages": [
    {
      "page_number": 1,
      "dimensions": {
        "width": 221.75999450683594,
        "height": 617.52001953125
      },
      "elements": [
        {
          "id": 0,
          "index": 0,
          "reading_order": 1,
          "reading_order_method": "spatial",
          "type": "picture",
          "bounding_box": {
            "left": 51.30842590332031,
            "top": 84.0630874633789,
            "right": 181.91006469726562,
            "bottom": 223.38380432128906,
            "width": 130.6016387939453,
            "height": 139.32071685791016
          },
          "confidence": 0.8081339597702026,
          "cell_count": 3
        },
        {
          "id": 4,
          "index": 1,
          "reading_order": 2,
          "reading_order_method": "spatial",
          "type": "text",
          "bounding_box": {
            "left": 70.32,
            "top": 226.07999999999998,
            "right": 154.32,
            "bottom": 235.93,
            "width": 84.0,
            "height": 9.850000000000023
          },
          "confidence": 0.6462782025337219,
          "cell_count": 1
        },
        {
          "id": 20,
          "index": 2,
          "reading_order": 3,
          "reading_order_method": "spatial",
          "type": "table",
          "bounding_box": {
            "left": 3.348945379257202,
            "top": 251.9073028564453,
            "right": 207.0894775390625,
            "bottom": 463.96728515625,
            "width": 203.7405321598053,
            "height": 212.0599822998047
          },
          "confidence": 0.5413101315498352,
          "cell_count": 53
        },
        {
          "id": 3,
          "index": 3,
          "reading_order": 4,
          "reading_order_method": "spatial",
          "type": "text",
          "bounding_box": {
            "left": 19.92,
            "top": 511.44,
            "right": 208.921,
            "bottom": 589.6949999999999,
            "width": 189.00099999999998,
            "height": 78.25499999999994
          },
          "confidence": 0.6563364267349243,
          "cell_count": 4
        }
      ],
      "element_count": 4,
      "has_image": false,
      "reading_order_available": true,
      "reading_order_method": "spatial"
    }
  ]
}