{
  "source_type": ".jpg",
  "document_metadata": {
    "total_pages": 1,
    "element_statistics": {
      "total_elements": 12,
      "by_type": {
        "key_value_region": 3,
        "section_header": 4,
        "text": 3,
        "table": 2
      }
    },
    "page_dimensions": [
      {
        "width": 1654.0,
        "height": 2339.0
      }
    ]
  },
  "pages": [
    {
      "page_number": 1,
      "dimensions": {
        "width": 1654.0,
        "height": 2339.0
      },
      "elements": [
        {
          "id": 25,
          "index": 0,
          "reading_order": 1,
          "reading_order_method": "spatial",
          "type": "key_value_region",
          "bounding_box": {
            "left": 130.39346313476562,
            "top": 73.09375,
            "right": 982.0625,
            "bottom": 176.8397216796875,
            "width": 851.6690368652344,
            "height": 103.7459716796875
          },
          "confidence": 0.5220514535903931,
          "cell_count": 3
        },
        {
          "id": 11,
          "index": 1,
          "reading_order": 2,
          "reading_order_method": "spatial",
          "type": "section_header",
          "bounding_box": {
            "left": 128.04403686523438,
            "top": 439.741455078125,
            "right": 260.78692626953125,
            "bottom": 481.0040283203125,
            "width": 132.74288940429688,
            "height": 41.2625732421875
          },
          "confidence": 0.9140554666519165,
          "cell_count": 1
        },
        {
          "id": 6,
          "index": 2,
          "reading_order": 3,
          "reading_order_method": "spatial",
          "type": "section_header",
          "bounding_box": {
            "left": 823.475830078125,
            "top": 439.741455078125,
            "right": 956.21875,
            "bottom": 479.8251139322917,
            "width": 132.742919921875,
            "height": 40.083658854166686
          },
          "confidence": 0.9388942718505859,
          "cell_count": 1
        },
        {
          "id": 3,
          "index": 3,
          "reading_order": 4,
          "reading_order_method": "spatial",
          "type": "text",
          "bounding_box": {
            "left": 138.6164754231771,
            "top": 506.9405517578125,
            "right": 509.8267008463542,
            "bottom": 613.0443522135416,
            "width": 371.2102254231771,
            "height": 106.10380045572913
          },
          "confidence": 0.9670085906982422,
          "cell_count": 3
        },
        {
          "id": 2,
          "index": 4,
          "reading_order": 5,
          "reading_order_method": "spatial",
          "type": "text",
          "bounding_box": {
            "left": 831.6988932291666,
            "top": 504.5826822916667,
            "right": 1253.421875,
            "bottom": 609.507568359375,
            "width": 421.72298177083337,
            "height": 104.92488606770831
          },
          "confidence": 0.975752055644989,
          "cell_count": 3
        },
        {
          "id": 9,
          "index": 5,
          "reading_order": 6,
          "reading_order_method": "spatial",
          "type": "key_value_region",
          "bounding_box": {
            "left": 138.6164754231771,
            "top": 649.5912272135416,
            "right": 629.6477457682291,
            "bottom": 716.7903645833334,
            "width": 491.031270345052,
            "height": 67.19913736979174
          },
          "confidence": 0.9186795353889465,
          "cell_count": 2
        },
        {
          "id": 8,
          "index": 6,
          "reading_order": 7,
          "reading_order_method": "spatial",
          "type": "text",
          "bounding_box": {
            "left": 830.524169921875,
            "top": 649.5912272135416,
            "right": 1119.5042317708333,
            "bottom": 681.4224039713541,
            "width": 288.98006184895826,
            "height": 31.8311767578125
          },
          "confidence": 0.9281464219093323,
          "cell_count": 1
        },
        {
          "id": 16,
          "index": 11,
          "reading_order": 8,
          "reading_order_method": "spatial",
          "type": "key_value_region",
          "bounding_box": {
            "left": 831.7625732421875,
            "top": 649.8667602539062,
            "right": 1115.8238525390625,
            "bottom": 675.3897705078125,
            "width": 284.061279296875,
            "height": 25.52301025390625
          },
          "confidence": 0.7967675924301147,
          "cell_count": 0
        },
        {
          "id": 5,
          "index": 7,
          "reading_order": 9,
          "reading_order_method": "spatial",
          "type": "section_header",
          "bounding_box": {
            "left": 126.86932373046875,
            "top": 755.695068359375,
            "right": 254.9133504231771,
            "bottom": 795.7787272135416,
            "width": 128.04402669270834,
            "height": 40.08365885416663
          },
          "confidence": 0.9443709254264832,
          "cell_count": 1
        },
        {
          "id": 0,
          "index": 8,
          "reading_order": 10,
          "reading_order_method": "spatial",
          "type": "table",
          "bounding_box": {
            "left": 130.48558044433594,
            "top": 824.451904296875,
            "right": 1520.0474853515625,
            "bottom": 1576.4398193359375,
            "width": 1389.5619049072266,
            "height": 751.9879150390625
          },
          "confidence": 0.9917924404144287,
          "cell_count": 68
        },
        {
          "id": 4,
          "index": 9,
          "reading_order": 11,
          "reading_order_method": "spatial",
          "type": "section_header",
          "bounding_box": {
            "left": 128.04403686523438,
            "top": 1623.388671875,
            "right": 332.44460042317706,
            "bottom": 1662.29345703125,
            "width": 204.4005635579427,
            "height": 38.90478515625
          },
          "confidence": 0.9492369294166565,
          "cell_count": 1
        },
        {
          "id": 1,
          "index": 10,
          "reading_order": 12,
          "reading_order_method": "spatial",
          "type": "table",
          "bounding_box": {
            "left": 131.0638427734375,
            "top": 1692.3092041015625,
            "right": 1519.3724365234375,
            "bottom": 1872.1788330078125,
            "width": 1388.30859375,
            "height": 179.86962890625
          },
          "confidence": 0.9825030565261841,
          "cell_count": 12
        }
      ],
      "element_count": 12,
      "has_image": false,
      "reading_order_available": true,
      "reading_order_method": "spatial"
    }
  ]
}