{
  "source_type": ".jpg",
  "document_metadata": {
    "total_pages": 1,
    "element_statistics": {
      "total_elements": 13,
      "by_type": {
        "key_value_region": 4,
        "text": 3,
        "section_header": 4,
        "table": 2
      }
    },
    "page_dimensions": [
      {
        "width": 1654.0,
        "height": 2339.0
      }
    ]
  },
  "pages": [
    {
      "page_number": 1,
      "dimensions": {
        "width": 1654.0,
        "height": 2339.0
      },
      "elements": [
        {
          "id": 23,
          "index": 0,
          "reading_order": 1,
          "reading_order_method": "spatial",
          "type": "key_value_region",
          "bounding_box": {
            "left": 128.04403686523438,
            "top": 73.09375,
            "right": 538.0198974609375,
            "bottom": 178.0186564127604,
            "width": 409.9758605957031,
            "height": 104.92490641276041
          },
          "confidence": 0.5390805006027222,
          "cell_count": 2
        },
        {
          "id": 28,
          "index": 12,
          "reading_order": 2,
          "reading_order_method": "spatial",
          "type": "key_value_region",
          "bounding_box": {
            "left": 133.30050659179688,
            "top": 140.64736938476562,
            "right": 977.3951416015625,
            "bottom": 170.60617065429688,
            "width": 844.0946350097656,
            "height": 29.95880126953125
          },
          "confidence": 0.45989692211151123,
          "cell_count": 0
        },
        {
          "id": 19,
          "index": 1,
          "reading_order": 3,
          "reading_order_method": "spatial",
          "type": "text",
          "bounding_box": {
            "left": 798.8068033854166,
            "top": 139.1139119466146,
            "right": 984.4119466145834,
            "bottom": 178.0186564127604,
            "width": 185.60514322916674,
            "height": 38.904744466145814
          },
          "confidence": 0.710675835609436,
          "cell_count": 1
        },
        {
          "id": 11,
          "index": 2,
          "reading_order": 4,
          "reading_order_method": "spatial",
          "type": "section_header",
          "bounding_box": {
            "left": 125.69460042317708,
            "top": 438.5625,
            "right": 261.96164957682294,
            "bottom": 482.1829833984375,
            "width": 136.26704915364587,
            "height": 43.6204833984375
          },
          "confidence": 0.9123110771179199,
          "cell_count": 1
        },
        {
          "id": 6,
          "index": 3,
          "reading_order": 5,
          "reading_order_method": "spatial",
          "type": "section_header",
          "bounding_box": {
            "left": 822.3011067708334,
            "top": 439.741455078125,
            "right": 957.3934733072916,
            "bottom": 481.0040283203125,
            "width": 135.09236653645826,
            "height": 41.2625732421875
          },
          "confidence": 0.9347956776618958,
          "cell_count": 1
        },
        {
          "id": 3,
          "index": 4,
          "reading_order": 6,
          "reading_order_method": "spatial",
          "type": "text",
          "bounding_box": {
            "left": 137.44176228841147,
            "top": 504.5826822916667,
            "right": 519.2244466145834,
            "bottom": 610.6865234375,
            "width": 381.7826843261719,
            "height": 106.10384114583331
          },
          "confidence": 0.9714909791946411,
          "cell_count": 3
        },
        {
          "id": 2,
          "index": 5,
          "reading_order": 7,
          "reading_order_method": "spatial",
          "type": "text",
          "bounding_box": {
            "left": 832.8736165364584,
            "top": 506.9405517578125,
            "right": 1187.6377766927083,
            "bottom": 610.6865234375,
            "width": 354.7641601562499,
            "height": 103.7459716796875
          },
          "confidence": 0.9716131687164307,
          "cell_count": 3
        },
        {
          "id": 9,
          "index": 6,
          "reading_order": 8,
          "reading_order_method": "spatial",
          "type": "key_value_region",
          "bounding_box": {
            "left": 138.6164754231771,
            "top": 649.5912272135416,
            "right": 634.3465983072916,
            "bottom": 714.4324544270834,
            "width": 495.7301228841145,
            "height": 64.84122721354174
          },
          "confidence": 0.9147552847862244,
          "cell_count": 2
        },
        {
          "id": 17,
          "index": 7,
          "reading_order": 9,
          "reading_order_method": "spatial",
          "type": "key_value_region",
          "bounding_box": {
            "left": 830.524169921875,
            "top": 649.5912272135416,
            "right": 1119.5042317708333,
            "bottom": 681.4224039713541,
            "width": 288.98006184895826,
            "height": 31.8311767578125
          },
          "confidence": 0.7961461544036865,
          "cell_count": 1
        },
        {
          "id": 5,
          "index": 8,
          "reading_order": 10,
          "reading_order_method": "spatial",
          "type": "section_header",
          "bounding_box": {
            "left": 125.69460042317708,
            "top": 755.695068359375,
            "right": 254.9133504231771,
            "bottom": 795.7787272135416,
            "width": 129.21875,
            "height": 40.08365885416663
          },
          "confidence": 0.9416335821151733,
          "cell_count": 1
        },
        {
          "id": 0,
          "index": 9,
          "reading_order": 11,
          "reading_order_method": "spatial",
          "type": "table",
          "bounding_box": {
            "left": 131.00344848632812,
            "top": 824.6734619140625,
            "right": 1519.6580810546875,
            "bottom": 1145.194091796875,
            "width": 1388.6546325683594,
            "height": 320.5206298828125
          },
          "confidence": 0.9884264469146729,
          "cell_count": 28
        },
        {
          "id": 4,
          "index": 10,
          "reading_order": 12,
          "reading_order_method": "spatial",
          "type": "section_header",
          "bounding_box": {
            "left": 126.86932373046875,
            "top": 1191.8997395833333,
            "right": 333.61932373046875,
            "bottom": 1230.804443359375,
            "width": 206.75,
            "height": 38.90470377604174
          },
          "confidence": 0.9432570934295654,
          "cell_count": 1
        },
        {
          "id": 1,
          "index": 11,
          "reading_order": 13,
          "reading_order_method": "spatial",
          "type": "table",
          "bounding_box": {
            "left": 131.2068328857422,
            "top": 1260.5653076171875,
            "right": 1519.1094970703125,
            "bottom": 1440.5050048828125,
            "width": 1387.9026641845703,
            "height": 179.939697265625
          },
          "confidence": 0.979276180267334,
          "cell_count": 12
        }
      ],
      "element_count": 13,
      "has_image": false,
      "reading_order_available": true,
      "reading_order_method": "spatial"
    }
  ]
}