{
  "total_crops": 12,
  "pages": [
    {
      "page_number": 1,
      "crops": [
        {
          "reading_order": 1,
          "element_id": 21,
          "element_type": "key_value_region",
          "crop_path": "output_results/batch1-0284/cropped_sections/page_001_order_001_key_value_region_id_21.png",
          "crop_filename": "page_001_order_001_key_value_region_id_21.png",
          "original_bbox": {
            "left": 128.04403686523438,
            "top": 73.09375,
            "right": 539.1946207682291,
            "bottom": 178.0186564127604,
            "width": 411.15058390299475,
            "height": 104.92490641276041
          },
          "crop_size": {
            "width": 441,
            "height": 135
          },
          "confidence": 0.6324211955070496
        },
        {
          "reading_order": 2,
          "element_id": 19,
          "element_type": "text",
          "crop_path": "output_results/batch1-0284/cropped_sections/page_001_order_002_text_id_19.png",
          "crop_filename": "page_001_order_002_text_id_19.png",
          "original_bbox": {
            "left": 798.8068033854166,
            "top": 139.1139119466146,
            "right": 984.4119466145834,
            "bottom": 178.0186564127604,
            "width": 185.60514322916674,
            "height": 38.904744466145814
          },
          "crop_size": {
            "width": 216,
            "height": 69
          },
          "confidence": 0.7188640236854553
        },
        {
          "reading_order": 3,
          "element_id": 13,
          "element_type": "section_header",
          "crop_path": "output_results/batch1-0284/cropped_sections/page_001_order_003_section_header_id_13.png",
          "crop_filename": "page_001_order_003_section_header_id_13.png",
          "original_bbox": {
            "left": 126.86932373046875,
            "top": 437.3835856119792,
            "right": 261.96164957682294,
            "bottom": 482.1829833984375,
            "width": 135.09232584635419,
            "height": 44.799397786458314
          },
          "crop_size": {
            "width": 165,
            "height": 75
          },
          "confidence": 0.902578592300415
        },
        {
          "reading_order": 4,
          "element_id": 5,
          "element_type": "section_header",
          "crop_path": "output_results/batch1-0284/cropped_sections/page_001_order_004_section_header_id_5.png",
          "crop_filename": "page_001_order_004_section_header_id_5.png",
          "original_bbox": {
            "left": 822.3011067708334,
            "top": 439.741455078125,
            "right": 957.3934733072916,
            "bottom": 481.0040283203125,
            "width": 135.09236653645826,
            "height": 41.2625732421875
          },
          "crop_size": {
            "width": 165,
            "height": 72
          },
          "confidence": 0.9355980753898621
        },
        {
          "reading_order": 5,
          "element_id": 3,
          "element_type": "text",
          "crop_path": "output_results/batch1-0284/cropped_sections/page_001_order_005_text_id_3.png",
          "crop_filename": "page_001_order_005_text_id_3.png",
          "original_bbox": {
            "left": 138.6164754231771,
            "top": 504.5826822916667,
            "right": 513.3508707682291,
            "bottom": 610.6865234375,
            "width": 374.734395345052,
            "height": 106.10384114583331
          },
          "crop_size": {
            "width": 405,
            "height": 136
          },
          "confidence": 0.9623960852622986
        },
        {
          "reading_order": 6,
          "element_id": 2,
          "element_type": "text",
          "crop_path": "output_results/batch1-0284/cropped_sections/page_001_order_006_text_id_2.png",
          "crop_filename": "page_001_order_006_text_id_2.png",
          "original_bbox": {
            "left": 830.524169921875,
            "top": 505.7615966796875,
            "right": 1246.3736165364583,
            "bottom": 610.6865234375,
            "width": 415.84944661458326,
            "height": 104.9249267578125
          },
          "crop_size": {
            "width": 446,
            "height": 135
          },
          "confidence": 0.9771860837936401
        },
        {
          "reading_order": 7,
          "element_id": 11,
          "element_type": "key_value_region",
          "crop_path": "output_results/batch1-0284/cropped_sections/page_001_order_007_key_value_region_id_11.png",
          "crop_filename": "page_001_order_007_key_value_region_id_11.png",
          "original_bbox": {
            "left": 138.6164754231771,
            "top": 649.5912272135416,
            "right": 622.5994466145834,
            "bottom": 712.0746256510416,
            "width": 483.98297119140625,
            "height": 62.4833984375
          },
          "crop_size": {
            "width": 514,
            "height": 93
          },
          "confidence": 0.9080415964126587
        },
        {
          "reading_order": 8,
          "element_id": 18,
          "element_type": "key_value_region",
          "crop_path": "output_results/batch1-0284/cropped_sections/page_001_order_008_key_value_region_id_18.png",
          "crop_filename": "page_001_order_008_key_value_region_id_18.png",
          "original_bbox": {
            "left": 829.3494466145834,
            "top": 649.5912272135416,
            "right": 1120.678955078125,
            "bottom": 681.4224039713541,
            "width": 291.32950846354163,
            "height": 31.8311767578125
          },
          "crop_size": {
            "width": 321,
            "height": 62
          },
          "confidence": 0.7557752728462219
        },
        {
          "reading_order": 9,
          "element_id": 4,
          "element_type": "section_header",
          "crop_path": "output_results/batch1-0284/cropped_sections/page_001_order_009_section_header_id_4.png",
          "crop_filename": "page_001_order_009_section_header_id_4.png",
          "original_bbox": {
            "left": 126.86932373046875,
            "top": 755.695068359375,
            "right": 254.9133504231771,
            "bottom": 795.7787272135416,
            "width": 128.04402669270834,
            "height": 40.08365885416663
          },
          "crop_size": {
            "width": 158,
            "height": 70
          },
          "confidence": 0.9372426867485046
        },
        {
          "reading_order": 10,
          "element_id": 0,
          "element_type": "table",
          "crop_path": "output_results/batch1-0284/cropped_sections/page_001_order_010_table_id_0.png",
          "crop_filename": "page_001_order_010_table_id_0.png",
          "original_bbox": {
            "left": 130.64859008789062,
            "top": 825.5271606445312,
            "right": 1520.1602783203125,
            "bottom": 1029.8773193359375,
            "width": 1389.5116882324219,
            "height": 204.35015869140625
          },
          "crop_size": {
            "width": 1420,
            "height": 234
          },
          "confidence": 0.9790427684783936
        },
        {
          "reading_order": 11,
          "element_id": 7,
          "element_type": "section_header",
          "crop_path": "output_results/batch1-0284/cropped_sections/page_001_order_011_section_header_id_7.png",
          "crop_filename": "page_001_order_011_section_header_id_7.png",
          "original_bbox": {
            "left": 126.86932373046875,
            "top": 1076.3644205729167,
            "right": 332.44460042317706,
            "bottom": 1116.4480794270833,
            "width": 205.57527669270831,
            "height": 40.083658854166515
          },
          "crop_size": {
            "width": 236,
            "height": 70
          },
          "confidence": 0.9323333501815796
        },
        {
          "reading_order": 12,
          "element_id": 1,