{
  "total_crops": 12,
  "pages": [
    {
      "page_number": 1,
      "crops": [
        {
          "reading_order": 1,
          "element_id": 1,
          "element_type": "picture",
          "crop_path": "output_results/ti31149327_9330/cropped_sections/page_001_order_001_picture_id_1.png",
          "crop_filename": "page_001_order_001_picture_id_1.png",
          "original_bbox": {
            "left": 60.2765998840332,
            "top": 91.59403991699219,
            "right": 168.63601684570312,
            "bottom": 133.45387268066406,
            "width": 108.35941696166992,
            "height": 41.859832763671875
          },
          "crop_size": {
            "width": 138,
            "height": 72
          },
          "confidence": 0.8952202796936035
        },
        {
          "reading_order": 2,
          "element_id": 6,
          "element_type": "section_header",
          "crop_path": "output_results/ti31149327_9330/cropped_sections/page_001_order_002_section_header_id_6.png",
          "crop_filename": "page_001_order_002_section_header_id_6.png",
          "original_bbox": {
            "left": 472.2526448567708,
            "top": 104.33467610677083,
            "right": 566.5026448567709,
            "bottom": 121.47177124023438,
            "width": 94.25000000000006,
            "height": 17.137095133463546
          },
          "crop_size": {
            "width": 124,
            "height": 47
          },
          "confidence": 0.684146523475647
        },
        {
          "reading_order": 3,
          "element_id": 7,
          "element_type": "table",
          "crop_path": "output_results/ti31149327_9330/cropped_sections/page_001_order_003_table_id_7.png",
          "crop_filename": "page_001_order_003_table_id_7.png",
          "original_bbox": {
            "left": 120.9300765991211,
            "top": 185.72560119628906,
            "right": 617.4130859375,
            "bottom": 742.1986083984375,
            "width": 496.4830093383789,
            "height": 556.4730072021484
          },
          "crop_size": {
            "width": 527,
            "height": 587
          },
          "confidence": 0.6084498167037964
        },
        {
          "reading_order": 4,
          "element_id": 62,
          "element_type": "text",
          "crop_path": "output_results/ti31149327_9330/cropped_sections/page_001_order_004_text_id_62.png",
          "crop_filename": "page_001_order_004_text_id_62.png",
          "original_bbox": {
            "left": 608.113037109375,
            "top": 372.4798177083333,
            "right": 620.6462809244791,
            "bottom": 386.5927327473958,
            "width": 12.533243815104129,
            "height": 14.1129150390625
          },
          "crop_size": {
            "width": 42,
            "height": 44
          },
          "confidence": 0.96636
        },
        {
          "reading_order": 5,
          "element_id": 203,
          "element_type": "text",
          "crop_path": "output_results/ti31149327_9330/cropped_sections/page_001_order_005_text_id_203.png",
          "crop_filename": "page_001_order_005_text_id_203.png",
          "original_bbox": {
            "left": 122.324462890625,
            "top": 781.25,
            "right": 524.8922932942709,
            "bottom": 793.3467610677084,
            "width": 402.56783040364587,
            "height": 12.096761067708371
          },
          "crop_size": {
            "width": 432,
            "height": 42
          },
          "confidence": 0.96421
        },
        {
          "reading_order": 6,
          "element_id": 202,
          "element_type": "text",
          "crop_path": "output_results/ti31149327_9330/cropped_sections/page_001_order_006_text_id_202.png",
          "crop_filename": "page_001_order_006_text_id_202.png",
          "original_bbox": {
            "left": 150.39893595377603,
            "top": 769.1532389322916,
            "right": 476.7646077473958,
            "bottom": 781.7539876302084,
            "width": 326.36567179361975,
            "height": 12.600748697916742
          },
          "crop_size": {
            "width": 356,
            "height": 42
          },
          "confidence": 0.94579
        },
        {
          "reading_order": 7,
          "element_id": 9,
          "element_type": "section_header",
          "crop_path": "output_results/ti31149327_9330/cropped_sections/page_001_order_007_section_header_id_9.png",
          "crop_filename": "page_001_order_007_section_header_id_9.png",
          "original_bbox": {
            "left": 295.78456624348956,
            "top": 746.975830078125,
            "right": 442.1728515625,
            "bottom": 758.5685221354166,
            "width": 146.38828531901044,
            "height": 11.592692057291629
          },
          "crop_size": {
            "width": 177,
            "height": 42
          },
          "confidence": 0.5567293167114258
        },
        {
          "reading_order": 8,
          "element_id": 5,
          "element_type": "text",
          "crop_path": "output_results/ti31149327_9330/cropped_sections/page_001_order_008_text_id_5.png",
          "crop_filename": "page_001_order_008_text_id_5.png",
          "original_bbox": {
            "left": 129.34307861328125,
            "top": 792.3387044270834,
            "right": 610.1183268229166,
            "bottom": 858.366943359375,
            "width": 480.7752482096354,
            "height": 66.02823893229163
          },
          "crop_size": {
            "width": 511,
            "height": 96
          },
          "confidence": 0.7421832084655762
        },
        {
          "reading_order": 9,
          "element_id": 4,
          "element_type": "page_footer",
          "crop_path": "output_results/ti31149327_9330/cropped_sections/page_001_order_009_page_footer_id_4.png",
          "crop_filename": "page_001_order_009_page_footer_id_4.png",
          "original_bbox": {
            "left": 41.10904184977213,
            "top": 945.0604654947916,
            "right": 51.63696797688802,
            "bottom": 956.6532389322916,
            "width": 10.52792612711589,
            "height": 11.5927734375
          },
          "crop_size": {
            "width": 40,
            "height": 41
          },
          "confidence": 0.7984724640846252
        },
        {
          "reading_order": 10,
          "element_id": 3,
          "element_type": "page_footer",
          "crop_path": "output_results/ti31149327_9330/cropped_sections/page_001_order_010_page_footer_id_3.png",
          "crop_filename": "page_001_order_010_page_footer_id_3.png",
          "original_bbox": {
            "left": 88.23403930664062,
            "top": 944.5564778645834,
            "right": 153.40691121419272,
            "bottom": 956.6532389322916,
            "width": 65.17287190755209,
            "height": 12.096761067708258
          },
          "crop_size": {
            "width": 95,
            "height": 42
          },
          "confidence": 0.8947486877441406
        },
        {
          "reading_order": 11,
          "element_id": 2,
          "element_type": "page_footer",
          "crop_path": "output_results/ti31149327_9330/cropped_sections/page_001_order_011_page_footer_id_2.png",
          "crop_filename": "page_001_order_011_page_footer_id_2.png",
          "original_bbox": {
            "left": 305.8111572265625,
            "top": 944.5564778645834,
            "right": 493.3085123697917,
            "bottom": 956.149169921875,
            "width": 187.49735514322919,
            "height": 11.592692057291629
          },
          "crop_size": {
            "width": 218,
            "height": 42
          },
          "confidence": 0.8951786160469055
        },
        {
          "reading_order": 12,
          "element_id": 0,
          "element_type": "page_footer",