{
  "total_crops": 14,
  "pages": [
    {
      "page_number": 1,
      "crops": [
        {
          "reading_order": 1,
          "element_id": 21,
          "element_type": "key_value_region",
          "crop_path": "output_results/batch1-0285/cropped_sections/page_001_order_001_key_value_region_id_21.png",
          "crop_filename": "page_001_order_001_key_value_region_id_21.png",
          "original_bbox": {
            "left": 131.56818644205728,
            "top": 73.09375,
            "right": 539.1946207682291,
            "bottom": 108.46170043945312,
            "width": 407.6264343261719,
            "height": 35.367950439453125
          },
          "crop_size": {
            "width": 438,
            "height": 65
          },
          "confidence": 0.6157218217849731
        },
        {
          "reading_order": 2,
          "element_id": 14,
          "element_type": "text",
          "crop_path": "output_results/batch1-0285/cropped_sections/page_001_order_002_text_id_14.png",
          "crop_filename": "page_001_order_002_text_id_14.png",
          "original_bbox": {
            "left": 126.86932373046875,
            "top": 136.75605265299478,
            "right": 351.2400716145833,
            "bottom": 179.19759114583334,
            "width": 224.37074788411456,
            "height": 42.44153849283856
          },
          "crop_size": {
            "width": 255,
            "height": 73
          },
          "confidence": 0.866455614566803
        },
        {
          "reading_order": 3,
          "element_id": 19,
          "element_type": "text",
          "crop_path": "output_results/batch1-0285/cropped_sections/page_001_order_003_text_id_19.png",
          "crop_filename": "page_001_order_003_text_id_19.png",
          "original_bbox": {
            "left": 798.8068033854166,
            "top": 139.1139119466146,
            "right": 984.4119466145834,
            "bottom": 178.0186564127604,
            "width": 185.60514322916674,
            "height": 38.904744466145814
          },
          "crop_size": {
            "width": 216,
            "height": 69
          },
          "confidence": 0.702662467956543
        },
        {
          "reading_order": 4,
          "element_id": 15,
          "element_type": "section_header",
          "crop_path": "output_results/batch1-0285/cropped_sections/page_001_order_004_section_header_id_15.png",
          "crop_filename": "page_001_order_004_section_header_id_15.png",
          "original_bbox": {
            "left": 124.51988728841145,
            "top": 438.5625,
            "right": 263.13637288411456,
            "bottom": 482.1829833984375,
            "width": 138.61648559570312,
            "height": 43.6204833984375
          },
          "crop_size": {
            "width": 169,
            "height": 74
          },
          "confidence": 0.8289780616760254
        },
        {
          "reading_order": 5,
          "element_id": 11,
          "element_type": "section_header",
          "crop_path": "output_results/batch1-0285/cropped_sections/page_001_order_005_section_header_id_11.png",
          "crop_filename": "page_001_order_005_section_header_id_11.png",
          "original_bbox": {
            "left": 821.12646484375,
            "top": 438.5625,
            "right": 957.3934733072916,
            "bottom": 481.0040283203125,
            "width": 136.26700846354163,
            "height": 42.4415283203125
          },
          "crop_size": {
            "width": 166,
            "height": 73
          },
          "confidence": 0.9095051288604736
        },
        {
          "reading_order": 6,
          "element_id": 3,
          "element_type": "text",
          "crop_path": "output_results/batch1-0285/cropped_sections/page_001_order_006_text_id_3.png",
          "crop_filename": "page_001_order_006_text_id_3.png",
          "original_bbox": {
            "left": 136.26704915364584,
            "top": 504.5826822916667,
            "right": 429.946044921875,
            "bottom": 610.6865234375,
            "width": 293.67899576822913,
            "height": 106.10384114583331
          },
          "crop_size": {
            "width": 323,
            "height": 136
          },
          "confidence": 0.9517543911933899
        },
        {
          "reading_order": 7,
          "element_id": 2,
          "element_type": "text",
          "crop_path": "output_results/batch1-0285/cropped_sections/page_001_order_007_text_id_2.png",
          "crop_filename": "page_001_order_007_text_id_2.png",
          "original_bbox": {
            "left": 831.6988932291666,
            "top": 504.5826822916667,
            "right": 1174.7159016927083,
            "bottom": 609.507568359375,
            "width": 343.01700846354163,
            "height": 104.92488606770831
          },
          "crop_size": {
            "width": 373,
            "height": 135
          },
          "confidence": 0.9645033478736877
        },
        {
          "reading_order": 8,
          "element_id": 10,
          "element_type": "key_value_region",
          "crop_path": "output_results/batch1-0285/cropped_sections/page_001_order_008_key_value_region_id_10.png",
          "crop_filename": "page_001_order_008_key_value_region_id_10.png",
          "original_bbox": {
            "left": 137.44176228841147,
            "top": 649.5912272135416,
            "right": 614.3764241536459,
            "bottom": 714.4324544270834,
            "width": 476.9346618652344,
            "height": 64.84122721354174
          },
          "crop_size": {
            "width": 507,
            "height": 95
          },
          "confidence": 0.9102252721786499
        },
        {
          "reading_order": 9,
          "element_id": 6,
          "element_type": "text",
          "crop_path": "output_results/batch1-0285/cropped_sections/page_001_order_009_text_id_6.png",
          "crop_filename": "page_001_order_009_text_id_6.png",
          "original_bbox": {
            "left": 830.524169921875,
            "top": 649.5912272135416,
            "right": 1119.5042317708333,
            "bottom": 681.4224039713541,
            "width": 288.98006184895826,
            "height": 31.8311767578125
          },
          "crop_size": {
            "width": 319,
            "height": 62
          },
          "confidence": 0.9271183013916016
        },
        {
          "reading_order": 10,
          "element_id": 18,
          "element_type": "key_value_region",
          "crop_path": "output_results/batch1-0285/cropped_sections/page_001_order_010_key_value_region_id_18.png",
          "crop_filename": "page_001_order_010_key_value_region_id_18.png",
          "original_bbox": {
            "left": 831.7149047851562,
            "top": 649.7084350585938,
            "right": 1116.3585205078125,
            "bottom": 675.4891357421875,
            "width": 284.64361572265625,
            "height": 25.78070068359375
          },
          "crop_size": {
            "width": 315,
            "height": 56
          },
          "confidence": 0.777638852596283
        },
        {
          "reading_order": 11,
          "element_id": 5,
          "element_type": "section_header",
          "crop_path": "output_results/batch1-0285/cropped_sections/page_001_order_011_section_header_id_5.png",
          "crop_filename": "page_001_order_011_section_header_id_5.png",
          "original_bbox": {
            "left": 126.86932373046875,
            "top": 755.695068359375,
            "right": 254.9133504231771,
            "bottom": 795.7787272135416,
            "width": 128.04402669270834,
            "height": 40.08365885416663
          },
          "crop_size": {
            "width": 158,
            "height": 70
          },
          "confidence": 0.9385886788368225
        },
        {
          "reading_order": 12,
          "element_id": 0,
          "element_type": "table",