{
  "source_type": ".jpg",
  "document_metadata": {
    "total_pages": 1,
    "element_statistics": {
      "total_elements": 12,
      "by_type": {
        "key_value_region": 3,
        "section_header": 4,
        "text": 3,
        "table": 2
      }
    },
    "page_dimensions": [
      {
        "width": 1654.0,
        "height": 2339.0
      }
    ]
  },
  "pages": [
    {
      "page_number": 1,
      "dimensions": {
        "width": 1654.0,
        "height": 2339.0
      },
      "elements": [
        {
          "id": 24,
          "index": 0,
          "reading_order": 1,
          "reading_order_method": "spatial",
          "type": "key_value_region",
          "bounding_box": {
            "left": 128.04403686523438,
            "top": 71.91482035319011,
            "right": 983.2372233072916,
            "bottom": 176.8397216796875,
            "width": 855.1931864420573,
            "height": 104.92490132649739
          },
          "confidence": 0.5311866998672485,
          "cell_count": 3
        },
        {
          "id": 13,
          "index": 1,
          "reading_order": 2,
          "reading_order_method": "spatial",
          "type": "section_header",
          "bounding_box": {
            "left": 128.04403686523438,
            "top": 439.741455078125,
            "right": 260.78692626953125,
            "bottom": 481.0040283203125,
            "width": 132.74288940429688,
            "height": 41.2625732421875
          },
          "confidence": 0.9079546928405762,
          "cell_count": 1
        },
        {
          "id": 6,
          "index": 2,
          "reading_order": 3,
          "reading_order_method": "spatial",
          "type": "section_header",
          "bounding_box": {
            "left": 821.12646484375,
            "top": 438.5625,
            "right": 957.3934733072916,
            "bottom": 481.0040283203125,
            "width": 136.26700846354163,
            "height": 42.4415283203125
          },
          "confidence": 0.9327288866043091,
          "cell_count": 1
        },
        {
          "id": 2,
          "index": 3,
          "reading_order": 4,
          "reading_order_method": "spatial",
          "type": "text",
          "bounding_box": {
            "left": 138.6164754231771,
            "top": 506.9405517578125,
            "right": 562.6889241536459,
            "bottom": 609.507568359375,
            "width": 424.07244873046875,
            "height": 102.5670166015625
          },
          "confidence": 0.974367082118988,
          "cell_count": 3
        },
        {
          "id": 3,
          "index": 4,
          "reading_order": 5,
          "reading_order_method": "spatial",
          "type": "text",
          "bounding_box": {
            "left": 830.524169921875,
            "top": 506.9405517578125,
            "right": 1195.86083984375,
            "bottom": 611.8654378255209,
            "width": 365.336669921875,
            "height": 104.92488606770837
          },
          "confidence": 0.9655874967575073,
          "cell_count": 3
        },
        {
          "id": 10,
          "index": 5,
          "reading_order": 6,
          "reading_order_method": "spatial",
          "type": "key_value_region",
          "bounding_box": {
            "left": 137.44176228841147,
            "top": 649.5912272135416,
            "right": 633.171875,
            "bottom": 714.4324544270834,
            "width": 495.7301127115885,
            "height": 64.84122721354174
          },
          "confidence": 0.9153198599815369,
          "cell_count": 2
        },
        {
          "id": 7,
          "index": 6,
          "reading_order": 7,
          "reading_order_method": "spatial",
          "type": "text",
          "bounding_box": {
            "left": 830.524169921875,
            "top": 649.5912272135416,
            "right": 1119.5042317708333,
            "bottom": 681.4224039713541,
            "width": 288.98006184895826,
            "height": 31.8311767578125
          },
          "confidence": 0.9255700707435608,
          "cell_count": 1
        },
        {
          "id": 17,
          "index": 11,
          "reading_order": 8,
          "reading_order_method": "spatial",
          "type": "key_value_region",
          "bounding_box": {
            "left": 831.675537109375,
            "top": 649.8287963867188,
            "right": 1115.9432373046875,
            "bottom": 675.62451171875,
            "width": 284.2677001953125,
            "height": 25.79571533203125
          },
          "confidence": 0.8056933283805847,
          "cell_count": 0
        },
        {
          "id": 5,
          "index": 7,
          "reading_order": 9,
          "reading_order_method": "spatial",
          "type": "section_header",
          "bounding_box": {
            "left": 125.69460042317708,
            "top": 755.695068359375,
            "right": 254.9133504231771,
            "bottom": 795.7787272135416,
            "width": 129.21875,
            "height": 40.08365885416663
          },
          "confidence": 0.9432527422904968,
          "cell_count": 1
        },
        {
          "id": 0,
          "index": 8,
          "reading_order": 10,
          "reading_order_method": "spatial",
          "type": "table",
          "bounding_box": {
            "left": 131.53720092773438,
            "top": 824.8162231445312,
            "right": 1520.020751953125,
            "bottom": 1318.8619384765625,
            "width": 1388.4835510253906,
            "height": 494.04571533203125
          },
          "confidence": 0.9910051822662354,
          "cell_count": 45
        },
        {
          "id": 4,
          "index": 9,
          "reading_order": 11,
          "reading_order_method": "spatial",
          "type": "section_header",
          "bounding_box": {
            "left": 129.21875,
            "top": 1367.560546875,
            "right": 331.2698974609375,
            "bottom": 1402.9283854166667,
            "width": 202.0511474609375,
            "height": 35.36783854166674
          },
          "confidence": 0.9441733360290527,
          "cell_count": 1
        },
        {
          "id": 1,
          "index": 10,
          "reading_order": 12,
          "reading_order_method": "spatial",
          "type": "table",
          "bounding_box": {
            "left": 131.1862335205078,
            "top": 1434.5306396484375,
            "right": 1519.26416015625,
            "bottom": 1613.9527587890625,
            "width": 1388.0779266357422,
            "height": 179.422119140625
          },
          "confidence": 0.9806143045425415,
          "cell_count": 12
        }
      ],
      "element_count": 12,
      "has_image": false,
      "reading_order_available": true,
      "reading_order_method": "spatial"
    }
  ]
}