{
  "total_crops": 8,
  "pages": [
    {
      "page_number": 1,
      "crops": [
        {
          "reading_order": 1,
          "element_id": 45,
          "element_type": "section_header",
          "crop_path": "output_results/00920576/cropped_sections/page_001_order_001_section_header_id_45.png",
          "crop_filename": "page_001_order_001_section_header_id_45.png",
          "original_bbox": {
            "left": 111.20963541666667,
            "top": 51.915323893229164,
            "right": 294.73046875,
            "bottom": 92.74193318684895,
            "width": 183.52083333333331,
            "height": 40.82660929361979
          },
          "crop_size": {
            "width": 213,
            "height": 71
          },
          "confidence": 0.45564112067222595
        },
        {
          "reading_order": 2,
          "element_id": 47,
          "element_type": "key_value_region",
          "crop_path": "output_results/00920576/cropped_sections/page_001_order_002_key_value_region_id_47.png",
          "crop_filename": "page_001_order_002_key_value_region_id_47.png",
          "original_bbox": {
            "left": 104.22786458333333,
            "top": 115.9274190266927,
            "right": 737.0755208333334,
            "bottom": 600.3024088541666,
            "width": 632.84765625,
            "height": 484.37498982747394
          },
          "crop_size": {
            "width": 663,
            "height": 515
          },
          "confidence": 0.4500255584716797
        },
        {
          "reading_order": 3,
          "element_id": 37,
          "element_type": "picture",
          "crop_path": "output_results/00920576/cropped_sections/page_001_order_003_picture_id_37.png",
          "crop_filename": "page_001_order_003_picture_id_37.png",
          "original_bbox": {
            "left": 543.3394165039062,
            "top": 196.1255340576172,
            "right": 748.3411865234375,
            "bottom": 296.01641845703125,
            "width": 205.00177001953125,
            "height": 99.89088439941406
          },
          "crop_size": {
            "width": 235,
            "height": 130
          },
          "confidence": 0.5713992118835449
        },
        {
          "reading_order": 4,
          "element_id": 26,
          "element_type": "key_value_region",
          "crop_path": "output_results/00920576/cropped_sections/page_001_order_004_key_value_region_id_26.png",
          "crop_filename": "page_001_order_004_key_value_region_id_26.png",
          "original_bbox": {
            "left": 198.98046875,
            "top": 553.4274088541666,
            "right": 444.33984375,
            "bottom": 615.9274088541666,
            "width": 245.359375,
            "height": 62.5
          },
          "crop_size": {
            "width": 276,
            "height": 92
          },
          "confidence": 0.7199512720108032
        },
        {
          "reading_order": 5,
          "element_id": 3,
          "element_type": "text",
          "crop_path": "output_results/00920576/cropped_sections/page_001_order_005_text_id_3.png",
          "crop_filename": "page_001_order_005_text_id_3.png",
          "original_bbox": {
            "left": 363.55078125,
            "top": 792.3387044270834,
            "right": 575.99609375,
            "bottom": 870.9677734375,
            "width": 212.4453125,
            "height": 78.62906901041663
          },
          "crop_size": {
            "width": 242,
            "height": 108
          },
          "confidence": 0.8910160660743713
        },
        {
          "reading_order": 6,
          "element_id": 30,
          "element_type": "page_footer",
          "crop_path": "output_results/00920576/cropped_sections/page_001_order_006_page_footer_id_30.png",
          "crop_filename": "page_001_order_006_page_footer_id_30.png",
          "original_bbox": {
            "left": 646.3125,
            "top": 804.9395345052084,
            "right": 667.2578125,
            "bottom": 908.26611328125,
            "width": 20.9453125,
            "height": 103.32657877604163
          },
          "crop_size": {
            "width": 51,
            "height": 134
          },
          "confidence": 0.6240242719650269
        },
        {
          "reading_order": 7,
          "element_id": 7,
          "element_type": "page_footer",
          "crop_path": "output_results/00920576/cropped_sections/page_001_order_007_page_footer_id_7.png",
          "crop_filename": "page_001_order_007_page_footer_id_7.png",
          "original_bbox": {
            "left": 113.20442708333333,
            "top": 960.1814778645834,
            "right": 348.0911458333333,
            "bottom": 976.3104654947916,
            "width": 234.88671875,
            "height": 16.128987630208258
          },
          "crop_size": {
            "width": 265,
            "height": 46
          },
          "confidence": 0.8786497712135315
        },
        {
          "reading_order": 8,
          "element_id": 14,
          "element_type": "page_footer",
          "crop_path": "output_results/00920576/cropped_sections/page_001_order_008_page_footer_id_14.png",
          "crop_filename": "page_001_order_008_page_footer_id_14.png",
          "original_bbox": {
            "left": 366.54296875,
            "top": 943.54833984375,
            "right": 451.8203125,
            "bottom": 961.1895345052084,
            "width": 85.27734375,
            "height": 17.64119466145837
          },
          "crop_size": {
            "width": 115,
            "height": 48
          },
          "confidence": 0.8224396705627441
        }
      ],
      "success": true
    }
  ]
}