{
  "source_type": ".jpg",
  "document_metadata": {
    "total_pages": 1,
    "element_statistics": {
      "total_elements": 13,
      "by_type": {
        "key_value_region": 3,
        "section_header": 4,
        "text": 4,
        "table": 2
      }
    },
    "page_dimensions": [
      {
        "width": 1654.0,
        "height": 2339.0
      }
    ]
  },
  "pages": [
    {
      "page_number": 1,
      "dimensions": {
        "width": 1654.0,
        "height": 2339.0
      },
      "elements": [
        {
          "id": 27,
          "index": 0,
          "reading_order": 1,
          "reading_order_method": "spatial",
          "type": "key_value_region",
          "bounding_box": {
            "left": 130.39346313476562,
            "top": 71.91482035319011,
            "right": 980.8877766927084,
            "bottom": 176.8397216796875,
            "width": 850.4943135579427,
            "height": 104.92490132649739
          },
          "confidence": 0.5090528130531311,
          "cell_count": 3
        },
        {
          "id": 14,
          "index": 1,
          "reading_order": 2,
          "reading_order_method": "spatial",
          "type": "section_header",
          "bounding_box": {
            "left": 126.86932373046875,
            "top": 438.5625,
            "right": 261.96164957682294,
            "bottom": 482.1829833984375,
            "width": 135.09232584635419,
            "height": 43.6204833984375
          },
          "confidence": 0.8897746205329895,
          "cell_count": 1
        },
        {
          "id": 12,
          "index": 2,
          "reading_order": 3,
          "reading_order_method": "spatial",
          "type": "section_header",
          "bounding_box": {
            "left": 823.475830078125,
            "top": 439.741455078125,
            "right": 957.3934733072916,
            "bottom": 481.0040283203125,
            "width": 133.91764322916663,
            "height": 41.2625732421875
          },
          "confidence": 0.9012397527694702,
          "cell_count": 1
        },
        {
          "id": 2,
          "index": 3,
          "reading_order": 4,
          "reading_order_method": "spatial",
          "type": "text",
          "bounding_box": {
            "left": 137.44176228841147,
            "top": 505.7615966796875,
            "right": 563.8636474609375,
            "bottom": 610.6865234375,
            "width": 426.421885172526,
            "height": 104.9249267578125
          },
          "confidence": 0.9705309867858887,
          "cell_count": 3
        },
        {
          "id": 3,
          "index": 4,
          "reading_order": 5,
          "reading_order_method": "spatial",
          "type": "text",
          "bounding_box": {
            "left": 829.3494466145834,
            "top": 504.5826822916667,
            "right": 1162.96875,
            "bottom": 610.6865234375,
            "width": 333.61930338541663,
            "height": 106.10384114583331
          },
          "confidence": 0.9475694894790649,
          "cell_count": 3
        },
        {
          "id": 6,
          "index": 5,
          "reading_order": 6,
          "reading_order_method": "spatial",
          "type": "key_value_region",
          "bounding_box": {
            "left": 138.6164754231771,
            "top": 649.5912272135416,
            "right": 427.5965983072917,
            "bottom": 681.4224039713541,
            "width": 288.9801228841146,
            "height": 31.8311767578125
          },
          "confidence": 0.9242909550666809,
          "cell_count": 1
        },
        {
          "id": 7,
          "index": 6,
          "reading_order": 7,
          "reading_order_method": "spatial",
          "type": "text",
          "bounding_box": {
            "left": 830.524169921875,
            "top": 649.5912272135416,
            "right": 1119.5042317708333,
            "bottom": 681.4224039713541,
            "width": 288.98006184895826,
            "height": 31.8311767578125
          },
          "confidence": 0.9232637286186218,
          "cell_count": 1
        },
        {
          "id": 16,
          "index": 12,
          "reading_order": 8,
          "reading_order_method": "spatial",
          "type": "key_value_region",
          "bounding_box": {
            "left": 831.620361328125,
            "top": 649.7310791015625,
            "right": 1116.6038818359375,
            "bottom": 675.5463256835938,
            "width": 284.9835205078125,
            "height": 25.81524658203125
          },
          "confidence": 0.8164321184158325,
          "cell_count": 0
        },
        {
          "id": 8,
          "index": 7,
          "reading_order": 9,
          "reading_order_method": "spatial",
          "type": "text",
          "bounding_box": {
            "left": 137.44176228841147,
            "top": 682.601318359375,
            "right": 630.8224283854166,
            "bottom": 716.7903645833334,
            "width": 493.38066609700513,
            "height": 34.18904622395837
          },
          "confidence": 0.9187870025634766,
          "cell_count": 1
        },
        {
          "id": 5,
          "index": 8,
          "reading_order": 10,
          "reading_order_method": "spatial",
          "type": "section_header",
          "bounding_box": {
            "left": 126.86932373046875,
            "top": 755.695068359375,
            "right": 254.9133504231771,
            "bottom": 796.9576822916666,
            "width": 128.04402669270834,
            "height": 41.26261393229163
          },
          "confidence": 0.9402427673339844,
          "cell_count": 1
        },
        {
          "id": 0,
          "index": 9,
          "reading_order": 11,
          "reading_order_method": "spatial",
          "type": "table",
          "bounding_box": {
            "left": 130.1960906982422,
            "top": 824.24462890625,
            "right": 1520.5123291015625,
            "bottom": 1746.7872314453125,
            "width": 1390.3162384033203,
            "height": 922.5426025390625
          },
          "confidence": 0.9922399520874023,
          "cell_count": 80
        },
        {
          "id": 4,
          "index": 10,
          "reading_order": 12,
          "reading_order_method": "spatial",
          "type": "section_header",
          "bounding_box": {
            "left": 128.04403686523438,
            "top": 1794.3336588541667,
            "right": 332.44460042317706,
            "bottom": 1833.2384440104167,
            "width": 204.4005635579427,
            "height": 38.90478515625
          },
          "confidence": 0.9460076093673706,
          "cell_count": 1
        },
        {
          "id": 1,
          "index": 11,
          "reading_order": 13,
          "reading_order_method": "spatial",
          "type": "table",
          "bounding_box": {
            "left": 130.9736785888672,
            "top": 1863.1337890625,
            "right": 1519.262939453125,
            "bottom": 2042.6414794921875,
            "width": 1388.2892608642578,
            "height": 179.5076904296875
          },
          "confidence": 0.9830169081687927,
          "cell_count": 12
        }
      ],
      "element_count": 13,
      "has_image": false,
      "reading_order_available": true,
      "reading_order_method": "spatial"
    }
  ]
}