{
  "total_crops": 11,
  "pages": [
    {
      "page_number": 1,
      "crops": [
        {
          "reading_order": 1,
          "element_id": 24,
          "element_type": "key_value_region",
          "crop_path": "output_results/batch1-0283/cropped_sections/page_001_order_001_key_value_region_id_24.png",
          "crop_filename": "page_001_order_001_key_value_region_id_24.png",
          "original_bbox": {
            "left": 128.04403686523438,
            "top": 71.91482035319011,
            "right": 982.0625,
            "bottom": 176.8397216796875,
            "width": 854.0184631347656,
            "height": 104.92490132649739
          },
          "crop_size": {
            "width": 884,
            "height": 135
          },
          "confidence": 0.557293713092804
        },
        {
          "reading_order": 2,
          "element_id": 15,
          "element_type": "section_header",
          "crop_path": "output_results/batch1-0283/cropped_sections/page_001_order_002_section_header_id_15.png",
          "crop_filename": "page_001_order_002_section_header_id_15.png",
          "original_bbox": {
            "left": 125.69460042317708,
            "top": 438.5625,
            "right": 261.96164957682294,
            "bottom": 482.1829833984375,
            "width": 136.26704915364587,
            "height": 43.6204833984375
          },
          "crop_size": {
            "width": 166,
            "height": 74
          },
          "confidence": 0.8251093626022339
        },
        {
          "reading_order": 3,
          "element_id": 10,
          "element_type": "section_header",
          "crop_path": "output_results/batch1-0283/cropped_sections/page_001_order_003_section_header_id_10.png",
          "crop_filename": "page_001_order_003_section_header_id_10.png",
          "original_bbox": {
            "left": 821.12646484375,
            "top": 438.5625,
            "right": 957.3934733072916,
            "bottom": 481.0040283203125,
            "width": 136.26700846354163,
            "height": 42.4415283203125
          },
          "crop_size": {
            "width": 166,
            "height": 73
          },
          "confidence": 0.9091607332229614
        },
        {
          "reading_order": 4,
          "element_id": 3,
          "element_type": "text",
          "crop_path": "output_results/batch1-0283/cropped_sections/page_001_order_004_text_id_3.png",
          "crop_filename": "page_001_order_004_text_id_3.png",
          "original_bbox": {
            "left": 137.44176228841147,
            "top": 502.2248128255208,
            "right": 355.9389241536458,
            "bottom": 609.507568359375,
            "width": 218.49716186523435,
            "height": 107.28275553385419
          },
          "crop_size": {
            "width": 248,
            "height": 137
          },
          "confidence": 0.9470192193984985
        },
        {
          "reading_order": 5,
          "element_id": 2,
          "element_type": "text",
          "crop_path": "output_results/batch1-0283/cropped_sections/page_001_order_005_text_id_2.png",
          "crop_filename": "page_001_order_005_text_id_2.png",
          "original_bbox": {
            "left": 830.524169921875,
            "top": 502.2248128255208,
            "right": 1227.578125,
            "bottom": 613.0443522135416,
            "width": 397.053955078125,
            "height": 110.81953938802081
          },
          "crop_size": {
            "width": 427,
            "height": 141
          },
          "confidence": 0.9679009914398193
        },
        {
          "reading_order": 6,
          "element_id": 13,
          "element_type": "key_value_region",
          "crop_path": "output_results/batch1-0283/cropped_sections/page_001_order_006_key_value_region_id_13.png",
          "crop_filename": "page_001_order_006_key_value_region_id_13.png",
          "original_bbox": {
            "left": 137.44176228841147,
            "top": 649.5912272135416,
            "right": 621.4247233072916,
            "bottom": 714.4324544270834,
            "width": 483.98296101888013,
            "height": 64.84122721354174
          },
          "crop_size": {
            "width": 514,
            "height": 95
          },
          "confidence": 0.8890159726142883
        },
        {
          "reading_order": 7,
          "element_id": 7,
          "element_type": "text",
          "crop_path": "output_results/batch1-0283/cropped_sections/page_001_order_007_text_id_7.png",
          "crop_filename": "page_001_order_007_text_id_7.png",
          "original_bbox": {
            "left": 830.524169921875,
            "top": 649.5912272135416,
            "right": 1120.678955078125,
            "bottom": 681.4224039713541,
            "width": 290.15478515625,
            "height": 31.8311767578125
          },
          "crop_size": {
            "width": 320,
            "height": 62
          },
          "confidence": 0.9244061708450317
        },
        {
          "reading_order": 8,
          "element_id": 5,
          "element_type": "section_header",
          "crop_path": "output_results/batch1-0283/cropped_sections/page_001_order_008_section_header_id_5.png",
          "crop_filename": "page_001_order_008_section_header_id_5.png",
          "original_bbox": {
            "left": 125.69460042317708,
            "top": 755.695068359375,
            "right": 254.9133504231771,
            "bottom": 795.7787272135416,
            "width": 129.21875,
            "height": 40.08365885416663
          },
          "crop_size": {
            "width": 159,
            "height": 70
          },
          "confidence": 0.9393619298934937
        },
        {
          "reading_order": 9,
          "element_id": 0,
          "element_type": "table",
          "crop_path": "output_results/batch1-0283/cropped_sections/page_001_order_009_table_id_0.png",
          "crop_filename": "page_001_order_009_table_id_0.png",
          "original_bbox": {
            "left": 131.32449340820312,
            "top": 824.7841796875,
            "right": 1519.83935546875,
            "bottom": 1319.119384765625,
            "width": 1388.5148620605469,
            "height": 494.335205078125
          },
          "crop_size": {
            "width": 1418,
            "height": 525
          },
          "confidence": 0.9908159971237183
        },
        {
          "reading_order": 10,
          "element_id": 4,
          "element_type": "section_header",
          "crop_path": "output_results/batch1-0283/cropped_sections/page_001_order_010_section_header_id_4.png",
          "crop_filename": "page_001_order_010_section_header_id_4.png",
          "original_bbox": {
            "left": 129.21875,
            "top": 1367.560546875,
            "right": 331.2698974609375,
            "bottom": 1402.9283854166667,
            "width": 202.0511474609375,
            "height": 35.36783854166674
          },
          "crop_size": {
            "width": 232,
            "height": 65
          },
          "confidence": 0.9401959776878357
        },
        {
          "reading_order": 11,
          "element_id": 1,
          "element_type": "table",
          "crop_path": "output_results/batch1-0283/cropped_sections/page_001_order_011_table_id_1.png",
          "crop_filename": "page_001_order_011_table_id_1.png",
          "original_bbox": {
            "left": 131.18663024902344,
            "top": 1434.52197265625,
            "right": 1519.4478759765625,
            "bottom": 1614.014404296875,
            "width": 1388.261245727539,
            "height": 179.492431640625
          },
          "crop_size": {
            "width": 1418,
            "height": 210
          },
          "confidence": 0.9795840382575989
        }
      ],
      "success": true
    }
  ]
}