{
  "source_type": ".tif",
  "document_metadata": {
    "total_pages": 1,
    "element_statistics": {
      "total_elements": 12,
      "by_type": {
        "picture": 1,
        "section_header": 2,
        "text": 4,
        "key_value_region": 3,
        "page_footer": 2
      }
    },
    "page_dimensions": [
      {
        "width": 788.0,
        "height": 1000.0
      }
    ]
  },
  "pages": [
    {
      "page_number": 1,
      "dimensions": {
        "width": 788.0,
        "height": 1000.0
      },
      "elements": [
        {
          "id": 20,
          "index": 0,
          "reading_order": 1,
          "reading_order_method": "spatial",
          "type": "picture",
          "bounding_box": {
            "left": 111.47521209716797,
            "top": 97.06050109863281,
            "right": 299.1070251464844,
            "bottom": 135.36138916015625,
            "width": 187.6318130493164,
            "height": 38.30088806152344
          },
          "confidence": 0.7320995926856995,
          "cell_count": 2
        },
        {
          "id": 23,
          "index": 1,
          "reading_order": 2,
          "reading_order_method": "spatial",
          "type": "section_header",
          "bounding_box": {
            "left": 321.13010660807294,
            "top": 162.80241902669272,
            "right": 490.4898274739583,
            "bottom": 180.44354248046875,
            "width": 169.35972086588538,
            "height": 17.641123453776032
          },
          "confidence": 0.6958171725273132,
          "cell_count": 1
        },
        {
          "id": 17,
          "index": 2,
          "reading_order": 3,
          "reading_order_method": "spatial",
          "type": "text",
          "bounding_box": {
            "left": 112.57143147786458,
            "top": 232.3588663736979,
            "right": 233.18367513020834,
            "bottom": 250.0,
            "width": 120.61224365234376,
            "height": 17.641133626302093
          },
          "confidence": 0.8024888634681702,
          "cell_count": 1
        },
        {
          "id": 16,
          "index": 3,
          "reading_order": 4,
          "reading_order_method": "spatial",
          "type": "text",
          "bounding_box": {
            "left": 112.57143147786458,
            "top": 301.4112955729167,
            "right": 288.46429443359375,
            "bottom": 348.2862955729167,
            "width": 175.89286295572919,
            "height": 46.875
          },
          "confidence": 0.8241748213768005,
          "cell_count": 3
        },
        {
          "id": 19,
          "index": 4,
          "reading_order": 5,
          "reading_order_method": "spatial",
          "type": "key_value_region",
          "bounding_box": {
            "left": 112.57143147786458,
            "top": 377.5201416015625,
            "right": 381.4362386067708,
            "bottom": 501.5120849609375,
            "width": 268.86480712890625,
            "height": 123.991943359375
          },
          "confidence": 0.7442010045051575,
          "cell_count": 8
        },
        {
          "id": 15,
          "index": 5,
          "reading_order": 6,
          "reading_order_method": "spatial",
          "type": "section_header",
          "bounding_box": {
            "left": 163.83163452148438,
            "top": 523.1854654947916,
            "right": 252.7831827799479,
            "bottom": 538.3064371744791,
            "width": 88.95154825846353,
            "height": 15.1209716796875
          },
          "confidence": 0.8389952182769775,
          "cell_count": 1
        },
        {
          "id": 25,
          "index": 6,
          "reading_order": 7,
          "reading_order_method": "spatial",
          "type": "key_value_region",
          "bounding_box": {
            "left": 603.0612386067709,
            "top": 523.1854654947916,
            "right": 679.4490152994791,
            "bottom": 564.51611328125,
            "width": 76.38777669270826,
            "height": 41.33064778645837
          },
          "confidence": 0.6730684041976929,
          "cell_count": 2
        },
        {
          "id": 5,
          "index": 7,
          "reading_order": 8,
          "reading_order_method": "spatial",
          "type": "text",
          "bounding_box": {
            "left": 113.5765380859375,
            "top": 546.3709716796875,
            "right": 303.03826904296875,
            "bottom": 626.008056640625,
            "width": 189.46173095703125,
            "height": 79.6370849609375
          },
          "confidence": 0.9212908148765564,
          "cell_count": 5
        },
        {
          "id": 21,
          "index": 8,
          "reading_order": 9,
          "reading_order_method": "spatial",
          "type": "key_value_region",
          "bounding_box": {
            "left": 208.55867513020834,
            "top": 698.5887044270834,
            "right": 599.0408528645834,
            "bottom": 777.7217610677084,
            "width": 390.482177734375,
            "height": 79.133056640625
          },
          "confidence": 0.7299086451530457,
          "cell_count": 7
        },
        {
          "id": 24,
          "index": 9,
          "reading_order": 10,
          "reading_order_method": "spatial",
          "type": "page_footer",
          "bounding_box": {
            "left": 677.4388020833334,
            "top": 811.491943359375,
            "right": 701.561279296875,
            "bottom": 909.7782389322916,
            "width": 24.12247721354163,
            "height": 98.28629557291663
          },
          "confidence": 0.6900653839111328,
          "cell_count": 1
        },
        {
          "id": 22,
          "index": 10,
          "reading_order": 11,
          "reading_order_method": "spatial",
          "type": "text",
          "bounding_box": {
            "left": 324.1454264322917,
            "top": 819.0524088541666,
            "right": 492.5,
            "bottom": 837.1975911458334,
            "width": 168.35457356770831,
            "height": 18.145182291666742
          },
          "confidence": 0.720575213432312,
          "cell_count": 1
        },
        {
          "id": 11,
          "index": 11,
          "reading_order": 12,
          "reading_order_method": "spatial",
          "type": "page_footer",
          "bounding_box": {
            "left": 206.5484822591146,
            "top": 940.524169921875,
            "right": 570.8979899088541,
            "bottom": 958.165283203125,
            "width": 364.3495076497395,
            "height": 17.64111328125
          },
          "confidence": 0.9075480103492737,
          "cell_count": 1
        }
      ],
      "element_count": 12,
      "has_image": false,
      "reading_order_available": true,
      "reading_order_method": "spatial"
    }
  ]
}