{
  "total_crops": 11,
  "pages": [
    {
      "page_number": 1,
      "crops": [
        {
          "reading_order": 1,
          "element_id": 24,
          "element_type": "key_value_region",
          "crop_path": "output_results/batch1-0275/cropped_sections/page_001_order_001_key_value_region_id_24.png",
          "crop_filename": "page_001_order_001_key_value_region_id_24.png",
          "original_bbox": {
            "left": 130.39346313476562,
            "top": 73.09375,
            "right": 982.0625,
            "bottom": 176.8397216796875,
            "width": 851.6690368652344,
            "height": 103.7459716796875
          },
          "crop_size": {
            "width": 882,
            "height": 133
          },
          "confidence": 0.5683915019035339
        },
        {
          "reading_order": 2,
          "element_id": 11,
          "element_type": "section_header",
          "crop_path": "output_results/batch1-0275/cropped_sections/page_001_order_002_section_header_id_11.png",
          "crop_filename": "page_001_order_002_section_header_id_11.png",
          "original_bbox": {
            "left": 128.04403686523438,
            "top": 439.741455078125,
            "right": 260.78692626953125,
            "bottom": 481.0040283203125,
            "width": 132.74288940429688,
            "height": 41.2625732421875
          },
          "crop_size": {
            "width": 162,
            "height": 72
          },
          "confidence": 0.9128056168556213
        },
        {
          "reading_order": 3,
          "element_id": 7,
          "element_type": "section_header",
          "crop_path": "output_results/batch1-0275/cropped_sections/page_001_order_003_section_header_id_7.png",
          "crop_filename": "page_001_order_003_section_header_id_7.png",
          "original_bbox": {
            "left": 823.475830078125,
            "top": 440.9203694661458,
            "right": 955.0440266927084,
            "bottom": 479.8251139322917,
            "width": 131.56819661458337,
            "height": 38.90474446614587
          },
          "crop_size": {
            "width": 162,
            "height": 69
          },
          "confidence": 0.9293643236160278
        },
        {
          "reading_order": 4,
          "element_id": 2,
          "element_type": "text",
          "crop_path": "output_results/batch1-0275/cropped_sections/page_001_order_004_text_id_2.png",
          "crop_filename": "page_001_order_004_text_id_2.png",
          "original_bbox": {
            "left": 138.6164754231771,
            "top": 505.7615966796875,
            "right": 543.8934733072916,
            "bottom": 611.8654378255209,
            "width": 405.2769978841145,
            "height": 106.10384114583337
          },
          "crop_size": {
            "width": 435,
            "height": 136
          },
          "confidence": 0.9716901779174805
        },
        {
          "reading_order": 5,
          "element_id": 5,
          "element_type": "text",
          "crop_path": "output_results/batch1-0275/cropped_sections/page_001_order_005_text_id_5.png",
          "crop_filename": "page_001_order_005_text_id_5.png",
          "original_bbox": {
            "left": 830.524169921875,
            "top": 503.4037272135417,
            "right": 1209.9573567708333,
            "bottom": 614.2233072916666,
            "width": 379.43318684895826,
            "height": 110.81958007812494
          },
          "crop_size": {
            "width": 409,
            "height": 141
          },
          "confidence": 0.9429575800895691
        },
        {
          "reading_order": 6,
          "element_id": 9,
          "element_type": "key_value_region",
          "crop_path": "output_results/batch1-0275/cropped_sections/page_001_order_006_key_value_region_id_9.png",
          "crop_filename": "page_001_order_006_key_value_region_id_9.png",
          "original_bbox": {
            "left": 137.44176228841147,
            "top": 649.5912272135416,
            "right": 631.9971516927084,
            "bottom": 717.96923828125,
            "width": 494.5553894042969,
            "height": 68.37801106770837
          },
          "crop_size": {
            "width": 524,
            "height": 98
          },
          "confidence": 0.9236893653869629
        },
        {
          "reading_order": 7,
          "element_id": 16,
          "element_type": "key_value_region",
          "crop_path": "output_results/batch1-0275/cropped_sections/page_001_order_007_key_value_region_id_16.png",
          "crop_filename": "page_001_order_007_key_value_region_id_16.png",
          "original_bbox": {
            "left": 830.524169921875,
            "top": 649.5912272135416,
            "right": 1119.5042317708333,
            "bottom": 681.4224039713541,
            "width": 288.98006184895826,
            "height": 31.8311767578125
          },
          "crop_size": {
            "width": 319,
            "height": 62
          },
          "confidence": 0.8190307021141052
        },
        {
          "reading_order": 8,
          "element_id": 4,
          "element_type": "section_header",
          "crop_path": "output_results/batch1-0275/cropped_sections/page_001_order_008_section_header_id_4.png",
          "crop_filename": "page_001_order_008_section_header_id_4.png",
          "original_bbox": {
            "left": 126.86932373046875,
            "top": 755.695068359375,
            "right": 254.9133504231771,
            "bottom": 795.7787272135416,
            "width": 128.04402669270834,
            "height": 40.08365885416663
          },
          "crop_size": {
            "width": 158,
            "height": 70
          },
          "confidence": 0.9438088536262512
        },
        {
          "reading_order": 9,
          "element_id": 0,
          "element_type": "table",
          "crop_path": "output_results/batch1-0275/cropped_sections/page_001_order_009_table_id_0.png",
          "crop_filename": "page_001_order_009_table_id_0.png",
          "original_bbox": {
            "left": 130.34564208984375,
            "top": 824.3214111328125,
            "right": 1520.21923828125,
            "bottom": 1548.1878662109375,
            "width": 1389.8735961914062,
            "height": 723.866455078125
          },
          "crop_size": {
            "width": 1420,
            "height": 754
          },
          "confidence": 0.9922339916229248
        },
        {
          "reading_order": 10,
          "element_id": 3,
          "element_type": "section_header",
          "crop_path": "output_results/batch1-0275/cropped_sections/page_001_order_010_section_header_id_3.png",
          "crop_filename": "page_001_order_010_section_header_id_3.png",
          "original_bbox": {
            "left": 128.04403686523438,
            "top": 1596.2732747395833,
            "right": 331.2698974609375,
            "bottom": 1635.1778971354167,
            "width": 203.22586059570312,
            "height": 38.904622395833485
          },
          "crop_size": {
            "width": 233,
            "height": 69
          },
          "confidence": 0.945452094078064
        },
        {
          "reading_order": 11,
          "element_id": 1,
          "element_type": "table",
          "crop_path": "output_results/batch1-0275/cropped_sections/page_001_order_011_table_id_1.png",
          "crop_filename": "page_001_order_011_table_id_1.png",
          "original_bbox": {
            "left": 131.37709045410156,
            "top": 1664.0830078125,
            "right": 1518.955810546875,
            "bottom": 1844.0126953125,
            "width": 1387.5787200927734,
            "height": 179.9296875
          },
          "crop_size": {
            "width": 1417,
            "height": 210
          },
          "confidence": 0.9825877547264099
        }
      ],
      "success": true
    }
  ]
}