{
  "total_crops": 11,
  "pages": [
    {
      "page_number": 1,
      "crops": [
        {
          "reading_order": 1,
          "element_id": 21,
          "element_type": "key_value_region",
          "crop_path": "output_results/batch1-0288/cropped_sections/page_001_order_001_key_value_region_id_21.png",
          "crop_filename": "page_001_order_001_key_value_region_id_21.png",
          "original_bbox": {
            "left": 128.04403686523438,
            "top": 70.7358907063802,
            "right": 983.2372233072916,
            "bottom": 178.0186564127604,
            "width": 855.1931864420573,
            "height": 107.2827657063802
          },
          "crop_size": {
            "width": 885,
            "height": 138
          },
          "confidence": 0.6116147637367249
        },
        {
          "reading_order": 2,
          "element_id": 15,
          "element_type": "section_header",
          "crop_path": "output_results/batch1-0288/cropped_sections/page_001_order_002_section_header_id_15.png",
          "crop_filename": "page_001_order_002_section_header_id_15.png",
          "original_bbox": {
            "left": 125.69460042317708,
            "top": 437.3835856119792,
            "right": 261.96164957682294,
            "bottom": 482.1829833984375,
            "width": 136.26704915364587,
            "height": 44.799397786458314
          },
          "crop_size": {
            "width": 166,
            "height": 75
          },
          "confidence": 0.8567028641700745
        },
        {
          "reading_order": 3,
          "element_id": 11,
          "element_type": "section_header",
          "crop_path": "output_results/batch1-0288/cropped_sections/page_001_order_003_section_header_id_11.png",
          "crop_filename": "page_001_order_003_section_header_id_11.png",
          "original_bbox": {
            "left": 822.3011067708334,
            "top": 439.741455078125,
            "right": 957.3934733072916,
            "bottom": 481.0040283203125,
            "width": 135.09236653645826,
            "height": 41.2625732421875
          },
          "crop_size": {
            "width": 165,
            "height": 72
          },
          "confidence": 0.9036203622817993
        },
        {
          "reading_order": 4,
          "element_id": 2,
          "element_type": "text",
          "crop_path": "output_results/batch1-0288/cropped_sections/page_001_order_004_text_id_2.png",
          "crop_filename": "page_001_order_004_text_id_2.png",
          "original_bbox": {
            "left": 135.09232584635416,
            "top": 506.9405517578125,
            "right": 508.6519775390625,
            "bottom": 610.6865234375,
            "width": 373.55965169270837,
            "height": 103.7459716796875
          },
          "crop_size": {
            "width": 403,
            "height": 134
          },
          "confidence": 0.9582273960113525
        },
        {
          "reading_order": 5,
          "element_id": 3,
          "element_type": "text",
          "crop_path": "output_results/batch1-0288/cropped_sections/page_001_order_005_text_id_3.png",
          "crop_filename": "page_001_order_005_text_id_3.png",
          "original_bbox": {
            "left": 830.524169921875,
            "top": 504.5826822916667,
            "right": 1214.65625,
            "bottom": 610.6865234375,
            "width": 384.132080078125,
            "height": 106.10384114583331
          },
          "crop_size": {
            "width": 414,
            "height": 136
          },
          "confidence": 0.9580274224281311
        },
        {
          "reading_order": 6,
          "element_id": 13,
          "element_type": "key_value_region",
          "crop_path": "output_results/batch1-0288/cropped_sections/page_001_order_006_key_value_region_id_13.png",
          "crop_filename": "page_001_order_006_key_value_region_id_13.png",
          "original_bbox": {
            "left": 138.6164754231771,
            "top": 649.5912272135416,
            "right": 620.25,
            "bottom": 714.4324544270834,
            "width": 481.6335245768229,
            "height": 64.84122721354174
          },
          "crop_size": {
            "width": 512,
            "height": 95
          },
          "confidence": 0.8734668493270874
        },
        {
          "reading_order": 7,
          "element_id": 7,
          "element_type": "text",
          "crop_path": "output_results/batch1-0288/cropped_sections/page_001_order_007_text_id_7.png",
          "crop_filename": "page_001_order_007_text_id_7.png",
          "original_bbox": {
            "left": 830.524169921875,
            "top": 649.5912272135416,
            "right": 1120.678955078125,
            "bottom": 681.4224039713541,
            "width": 290.15478515625,
            "height": 31.8311767578125
          },
          "crop_size": {
            "width": 320,
            "height": 62
          },
          "confidence": 0.9241263270378113
        },
        {
          "reading_order": 8,
          "element_id": 5,
          "element_type": "section_header",
          "crop_path": "output_results/batch1-0288/cropped_sections/page_001_order_008_section_header_id_5.png",
          "crop_filename": "page_001_order_008_section_header_id_5.png",
          "original_bbox": {
            "left": 126.86932373046875,
            "top": 755.695068359375,
            "right": 254.9133504231771,
            "bottom": 795.7787272135416,
            "width": 128.04402669270834,
            "height": 40.08365885416663
          },
          "crop_size": {
            "width": 158,
            "height": 70
          },
          "confidence": 0.934672474861145
        },
        {
          "reading_order": 9,
          "element_id": 1,
          "element_type": "table",
          "crop_path": "output_results/batch1-0288/cropped_sections/page_001_order_009_table_id_1.png",
          "crop_filename": "page_001_order_009_table_id_1.png",
          "original_bbox": {
            "left": 130.4430389404297,
            "top": 825.130859375,
            "right": 1520.399658203125,
            "bottom": 1002.356201171875,
            "width": 1389.9566192626953,
            "height": 177.225341796875
          },
          "crop_size": {
            "width": 1420,
            "height": 207
          },
          "confidence": 0.9790327548980713
        },
        {
          "reading_order": 10,
          "element_id": 4,
          "element_type": "section_header",
          "crop_path": "output_results/batch1-0288/cropped_sections/page_001_order_010_section_header_id_4.png",
          "crop_filename": "page_001_order_010_section_header_id_4.png",
          "original_bbox": {
            "left": 128.04403686523438,
            "top": 1048.070068359375,
            "right": 331.2698974609375,
            "bottom": 1086.974853515625,
            "width": 203.22586059570312,
            "height": 38.90478515625
          },
          "crop_size": {
            "width": 233,
            "height": 68
          },
          "confidence": 0.9392199516296387
        },
        {
          "reading_order": 11,
          "element_id": 0,
          "element_type": "table",
          "crop_path": "output_results/batch1-0288/cropped_sections/page_001_order_011_table_id_0.png",
          "crop_filename": "page_001_order_011_table_id_0.png",
          "original_bbox": {
            "left": 130.98614501953125,
            "top": 1117.72021484375,
            "right": 1520.1534423828125,
            "bottom": 1298.0247802734375,
            "width": 1389.1672973632812,
            "height": 180.3045654296875
          },
          "crop_size": {
            "width": 1420,
            "height": 211
          },
          "confidence": 0.9817534685134888
        }
      ],
      "success": true
    }
  ]
}