{
  "source_type": ".jpg",
  "document_metadata": {
    "total_pages": 1,
    "element_statistics": {
      "total_elements": 13,
      "by_type": {
        "key_value_region": 3,
        "section_header": 4,
        "text": 4,
        "table": 2
      }
    },
    "page_dimensions": [
      {
        "width": 1654.0,
        "height": 2339.0
      }
    ]
  },
  "pages": [
    {
      "page_number": 1,
      "dimensions": {
        "width": 1654.0,
        "height": 2339.0
      },
      "elements": [
        {
          "id": 25,
          "index": 0,
          "reading_order": 1,
          "reading_order_method": "spatial",
          "type": "key_value_region",
          "bounding_box": {
            "left": 130.39346313476562,
            "top": 73.09375,
            "right": 983.2372233072916,
            "bottom": 176.8397216796875,
            "width": 852.843760172526,
            "height": 103.7459716796875
          },
          "confidence": 0.5768687129020691,
          "cell_count": 3
        },
        {
          "id": 14,
          "index": 1,
          "reading_order": 2,
          "reading_order_method": "spatial",
          "type": "section_header",
          "bounding_box": {
            "left": 126.86932373046875,
            "top": 438.5625,
            "right": 261.96164957682294,
            "bottom": 482.1829833984375,
            "width": 135.09232584635419,
            "height": 43.6204833984375
          },
          "confidence": 0.8712515830993652,
          "cell_count": 1
        },
        {
          "id": 6,
          "index": 2,
          "reading_order": 3,
          "reading_order_method": "spatial",
          "type": "section_header",
          "bounding_box": {
            "left": 822.3011067708334,
            "top": 438.5625,
            "right": 957.3934733072916,
            "bottom": 481.0040283203125,
            "width": 135.09236653645826,
            "height": 42.4415283203125
          },
          "confidence": 0.9307020306587219,
          "cell_count": 1
        },
        {
          "id": 3,
          "index": 3,
          "reading_order": 4,
          "reading_order_method": "spatial",
          "type": "text",
          "bounding_box": {
            "left": 132.7428995768229,
            "top": 505.7615966796875,
            "right": 499.2542724609375,
            "bottom": 609.507568359375,
            "width": 366.5113728841146,
            "height": 103.7459716796875
          },
          "confidence": 0.9654127955436707,
          "cell_count": 3
        },
        {
          "id": 2,
          "index": 4,
          "reading_order": 5,
          "reading_order_method": "spatial",
          "type": "text",
          "bounding_box": {
            "left": 831.6988932291666,
            "top": 506.9405517578125,
            "right": 1224.053955078125,
            "bottom": 611.8654378255209,
            "width": 392.35506184895837,
            "height": 104.92488606770837
          },
          "confidence": 0.9733284711837769,
          "cell_count": 3
        },
        {
          "id": 9,
          "index": 5,
          "reading_order": 6,
          "reading_order_method": "spatial",
          "type": "key_value_region",
          "bounding_box": {
            "left": 138.6164754231771,
            "top": 649.5912272135416,
            "right": 428.7713216145833,
            "bottom": 680.2434488932291,
            "width": 290.15484619140625,
            "height": 30.6522216796875
          },
          "confidence": 0.9160766005516052,
          "cell_count": 1
        },
        {
          "id": 7,
          "index": 6,
          "reading_order": 7,
          "reading_order_method": "spatial",
          "type": "text",
          "bounding_box": {
            "left": 830.524169921875,
            "top": 649.5912272135416,
            "right": 1120.678955078125,
            "bottom": 681.4224039713541,
            "width": 290.15478515625,
            "height": 31.8311767578125
          },
          "confidence": 0.9233541488647461,
          "cell_count": 1
        },
        {
          "id": 17,
          "index": 12,
          "reading_order": 8,
          "reading_order_method": "spatial",
          "type": "key_value_region",
          "bounding_box": {
            "left": 831.640869140625,
            "top": 649.7916259765625,
            "right": 1116.852294921875,
            "bottom": 675.6353149414062,
            "width": 285.21142578125,
            "height": 25.84368896484375
          },
          "confidence": 0.7954269647598267,
          "cell_count": 0
        },
        {
          "id": 8,
          "index": 7,
          "reading_order": 9,
          "reading_order_method": "spatial",
          "type": "text",
          "bounding_box": {
            "left": 138.6164754231771,
            "top": 684.9591471354166,
            "right": 635.5213216145834,
            "bottom": 715.6114095052084,
            "width": 496.90484619140625,
            "height": 30.652262369791742
          },
          "confidence": 0.9207571744918823,
          "cell_count": 1
        },
        {
          "id": 5,
          "index": 8,
          "reading_order": 10,
          "reading_order_method": "spatial",
          "type": "section_header",
          "bounding_box": {
            "left": 126.86932373046875,
            "top": 755.695068359375,
            "right": 254.9133504231771,
            "bottom": 795.7787272135416,
            "width": 128.04402669270834,
            "height": 40.08365885416663
          },
          "confidence": 0.9433115124702454,
          "cell_count": 1
        },
        {
          "id": 0,
          "index": 9,
          "reading_order": 11,
          "reading_order_method": "spatial",
          "type": "table",
          "bounding_box": {
            "left": 130.363037109375,
            "top": 824.69580078125,
            "right": 1520.225830078125,
            "bottom": 1460.861328125,
            "width": 1389.86279296875,
            "height": 636.16552734375
          },
          "confidence": 0.9917553663253784,
          "cell_count": 56
        },
        {
          "id": 4,
          "index": 10,
          "reading_order": 12,
          "reading_order_method": "spatial",
          "type": "section_header",
          "bounding_box": {
            "left": 128.04403686523438,
            "top": 1509.0322265625,
            "right": 332.44460042317706,
            "bottom": 1547.93701171875,
            "width": 204.4005635579427,
            "height": 38.90478515625
          },
          "confidence": 0.9473634958267212,
          "cell_count": 1
        },
        {
          "id": 1,
          "index": 11,
          "reading_order": 13,
          "reading_order_method": "spatial",
          "type": "table",
          "bounding_box": {
            "left": 131.0640411376953,
            "top": 1577.235107421875,
            "right": 1519.48681640625,
            "bottom": 1756.7080078125,
            "width": 1388.4227752685547,
            "height": 179.472900390625
          },
          "confidence": 0.9835157990455627,
          "cell_count": 12
        }
      ],
      "element_count": 13,
      "has_image": false,
      "reading_order_available": true,
      "reading_order_method": "spatial"
    }
  ]
}