{
  "source_type": ".jpg",
  "document_metadata": {
    "total_pages": 1,
    "element_statistics": {
      "total_elements": 13,
      "by_type": {
        "key_value_region": 3,
        "section_header": 4,
        "text": 4,
        "table": 2
      }
    },
    "page_dimensions": [
      {
        "width": 1654.0,
        "height": 2339.0
      }
    ]
  },
  "pages": [
    {
      "page_number": 1,
      "dimensions": {
        "width": 1654.0,
        "height": 2339.0
      },
      "elements": [
        {
          "id": 27,
          "index": 0,
          "reading_order": 1,
          "reading_order_method": "spatial",
          "type": "key_value_region",
          "bounding_box": {
            "left": 129.21875,
            "top": 73.09375,
            "right": 982.0625,
            "bottom": 176.8397216796875,
            "width": 852.84375,
            "height": 103.7459716796875
          },
          "confidence": 0.45986995100975037,
          "cell_count": 3
        },
        {
          "id": 14,
          "index": 1,
          "reading_order": 2,
          "reading_order_method": "spatial",
          "type": "section_header",
          "bounding_box": {
            "left": 128.04403686523438,
            "top": 439.741455078125,
            "right": 260.78692626953125,
            "bottom": 481.0040283203125,
            "width": 132.74288940429688,
            "height": 41.2625732421875
          },
          "confidence": 0.8945667147636414,
          "cell_count": 1
        },
        {
          "id": 6,
          "index": 2,
          "reading_order": 3,
          "reading_order_method": "spatial",
          "type": "section_header",
          "bounding_box": {
            "left": 823.475830078125,
            "top": 439.741455078125,
            "right": 956.21875,
            "bottom": 479.8251139322917,
            "width": 132.742919921875,
            "height": 40.083658854166686
          },
          "confidence": 0.938511073589325,
          "cell_count": 1
        },
        {
          "id": 3,
          "index": 3,
          "reading_order": 4,
          "reading_order_method": "spatial",
          "type": "text",
          "bounding_box": {
            "left": 138.6164754231771,
            "top": 506.9405517578125,
            "right": 505.1278483072917,
            "bottom": 610.6865234375,
            "width": 366.5113728841146,
            "height": 103.7459716796875
          },
          "confidence": 0.9733215570449829,
          "cell_count": 3
        },
        {
          "id": 2,
          "index": 4,
          "reading_order": 5,
          "reading_order_method": "spatial",
          "type": "text",
          "bounding_box": {
            "left": 828.1747233072916,
            "top": 504.5826822916667,
            "right": 1320.3806966145833,
            "bottom": 613.0443522135416,
            "width": 492.20597330729163,
            "height": 108.46166992187494
          },
          "confidence": 0.9758641123771667,
          "cell_count": 3
        },
        {
          "id": 7,
          "index": 5,
          "reading_order": 6,
          "reading_order_method": "spatial",
          "type": "key_value_region",
          "bounding_box": {
            "left": 138.6164754231771,
            "top": 649.5912272135416,
            "right": 427.5965983072917,
            "bottom": 680.2434488932291,
            "width": 288.9801228841146,
            "height": 30.6522216796875
          },
          "confidence": 0.9275833964347839,
          "cell_count": 1
        },
        {
          "id": 8,
          "index": 6,
          "reading_order": 7,
          "reading_order_method": "spatial",
          "type": "text",
          "bounding_box": {
            "left": 830.524169921875,
            "top": 649.5912272135416,
            "right": 1119.5042317708333,
            "bottom": 681.4224039713541,
            "width": 288.98006184895826,
            "height": 31.8311767578125
          },
          "confidence": 0.9251176714897156,
          "cell_count": 1
        },
        {
          "id": 16,
          "index": 12,
          "reading_order": 8,
          "reading_order_method": "spatial",
          "type": "key_value_region",
          "bounding_box": {
            "left": 831.5401000976562,
            "top": 649.7300415039062,
            "right": 1116.5252685546875,
            "bottom": 675.540283203125,
            "width": 284.98516845703125,
            "height": 25.81024169921875
          },
          "confidence": 0.7981539964675903,
          "cell_count": 0
        },
        {
          "id": 9,
          "index": 7,
          "reading_order": 9,
          "reading_order_method": "spatial",
          "type": "text",
          "bounding_box": {
            "left": 138.6164754231771,
            "top": 684.9591471354166,
            "right": 627.2982991536459,
            "bottom": 715.6114095052084,
            "width": 488.68182373046875,
            "height": 30.652262369791742
          },
          "confidence": 0.9221218824386597,
          "cell_count": 1
        },
        {
          "id": 5,
          "index": 8,
          "reading_order": 10,
          "reading_order_method": "spatial",
          "type": "section_header",
          "bounding_box": {
            "left": 126.86932373046875,
            "top": 755.695068359375,
            "right": 254.9133504231771,
            "bottom": 795.7787272135416,
            "width": 128.04402669270834,
            "height": 40.08365885416663
          },
          "confidence": 0.9444536566734314,
          "cell_count": 1
        },
        {
          "id": 0,
          "index": 9,
          "reading_order": 11,
          "reading_order_method": "spatial",
          "type": "table",
          "bounding_box": {
            "left": 130.3010711669922,
            "top": 824.7527465820312,
            "right": 1520.471435546875,
            "bottom": 1489.773681640625,
            "width": 1390.1703643798828,
            "height": 665.0209350585938
          },
          "confidence": 0.9914494156837463,
          "cell_count": 59
        },
        {
          "id": 4,
          "index": 10,
          "reading_order": 12,
          "reading_order_method": "spatial",
          "type": "section_header",
          "bounding_box": {
            "left": 128.04403686523438,
            "top": 1537.32666015625,
            "right": 332.44460042317706,
            "bottom": 1576.2314453125,
            "width": 204.4005635579427,
            "height": 38.90478515625
          },
          "confidence": 0.9519657492637634,
          "cell_count": 1
        },
        {
          "id": 1,
          "index": 11,
          "reading_order": 13,
          "reading_order_method": "spatial",
          "type": "table",
          "bounding_box": {
            "left": 131.2578125,
            "top": 1604.932861328125,
            "right": 1518.9903564453125,
            "bottom": 1785.4071044921875,
            "width": 1387.7325439453125,
            "height": 180.4742431640625
          },
          "confidence": 0.981826663017273,
          "cell_count": 12
        }
      ],
      "element_count": 13,
      "has_image": false,
      "reading_order_available": true,
      "reading_order_method": "spatial"
    }
  ]
}