{
  "source_type": ".jpg",
  "document_metadata": {
    "total_pages": 1,
    "element_statistics": {
      "total_elements": 11,
      "by_type": {
        "key_value_region": 2,
        "section_header": 4,
        "text": 3,
        "table": 2
      }
    },
    "page_dimensions": [
      {
        "width": 1654.0,
        "height": 2339.0
      }
    ]
  },
  "pages": [
    {
      "page_number": 1,
      "dimensions": {
        "width": 1654.0,
        "height": 2339.0
      },
      "elements": [
        {
          "id": 24,
          "index": 0,
          "reading_order": 1,
          "reading_order_method": "spatial",
          "type": "key_value_region",
          "bounding_box": {
            "left": 128.04403686523438,
            "top": 71.91482035319011,
            "right": 982.0625,
            "bottom": 176.8397216796875,
            "width": 854.0184631347656,
            "height": 104.92490132649739
          },
          "confidence": 0.557293713092804,
          "cell_count": 3
        },
        {
          "id": 15,
          "index": 1,
          "reading_order": 2,
          "reading_order_method": "spatial",
          "type": "section_header",
          "bounding_box": {
            "left": 125.69460042317708,
            "top": 438.5625,
            "right": 261.96164957682294,
            "bottom": 482.1829833984375,
            "width": 136.26704915364587,
            "height": 43.6204833984375
          },
          "confidence": 0.8251093626022339,
          "cell_count": 1
        },
        {
          "id": 10,
          "index": 2,
          "reading_order": 3,
          "reading_order_method": "spatial",
          "type": "section_header",
          "bounding_box": {
            "left": 821.12646484375,
            "top": 438.5625,
            "right": 957.3934733072916,
            "bottom": 481.0040283203125,
            "width": 136.26700846354163,
            "height": 42.4415283203125
          },
          "confidence": 0.9091607332229614,
          "cell_count": 1
        },
        {
          "id": 3,
          "index": 4,
          "reading_order": 4,
          "reading_order_method": "spatial",
          "type": "text",
          "bounding_box": {
            "left": 137.44176228841147,
            "top": 502.2248128255208,
            "right": 355.9389241536458,
            "bottom": 609.507568359375,
            "width": 218.49716186523435,
            "height": 107.28275553385419
          },
          "confidence": 0.9470192193984985,
          "cell_count": 3
        },
        {
          "id": 2,
          "index": 5,
          "reading_order": 5,
          "reading_order_method": "spatial",
          "type": "text",
          "bounding_box": {
            "left": 830.524169921875,
            "top": 502.2248128255208,
            "right": 1227.578125,
            "bottom": 613.0443522135416,
            "width": 397.053955078125,
            "height": 110.81953938802081
          },
          "confidence": 0.9679009914398193,
          "cell_count": 3
        },
        {
          "id": 13,
          "index": 3,
          "reading_order": 6,
          "reading_order_method": "spatial",
          "type": "key_value_region",
          "bounding_box": {
            "left": 137.44176228841147,
            "top": 649.5912272135416,
            "right": 621.4247233072916,
            "bottom": 714.4324544270834,
            "width": 483.98296101888013,
            "height": 64.84122721354174
          },
          "confidence": 0.8890159726142883,
          "cell_count": 10
        },
        {
          "id": 7,
          "index": 6,
          "reading_order": 7,
          "reading_order_method": "spatial",
          "type": "text",
          "bounding_box": {
            "left": 830.524169921875,
            "top": 649.5912272135416,
            "right": 1120.678955078125,
            "bottom": 681.4224039713541,
            "width": 290.15478515625,
            "height": 31.8311767578125
          },
          "confidence": 0.9244061708450317,
          "cell_count": 1
        },
        {
          "id": 5,
          "index": 7,
          "reading_order": 8,
          "reading_order_method": "spatial",
          "type": "section_header",
          "bounding_box": {
            "left": 125.69460042317708,
            "top": 755.695068359375,
            "right": 254.9133504231771,
            "bottom": 795.7787272135416,
            "width": 129.21875,
            "height": 40.08365885416663
          },
          "confidence": 0.9393619298934937,
          "cell_count": 1
        },
        {
          "id": 0,
          "index": 8,
          "reading_order": 9,
          "reading_order_method": "spatial",
          "type": "table",
          "bounding_box": {
            "left": 131.32449340820312,
            "top": 824.7841796875,
            "right": 1519.83935546875,
            "bottom": 1319.119384765625,
            "width": 1388.5148620605469,
            "height": 494.335205078125
          },
          "confidence": 0.9908159971237183,
          "cell_count": 46
        },
        {
          "id": 4,
          "index": 9,
          "reading_order": 10,
          "reading_order_method": "spatial",
          "type": "section_header",
          "bounding_box": {
            "left": 129.21875,
            "top": 1367.560546875,
            "right": 331.2698974609375,
            "bottom": 1402.9283854166667,
            "width": 202.0511474609375,
            "height": 35.36783854166674
          },
          "confidence": 0.9401959776878357,
          "cell_count": 1
        },
        {
          "id": 1,
          "index": 10,
          "reading_order": 11,
          "reading_order_method": "spatial",
          "type": "table",
          "bounding_box": {
            "left": 131.18663024902344,
            "top": 1434.52197265625,
            "right": 1519.4478759765625,
            "bottom": 1614.014404296875,
            "width": 1388.261245727539,
            "height": 179.492431640625
          },
          "confidence": 0.9795840382575989,
          "cell_count": 12
        }
      ],
      "element_count": 11,
      "has_image": false,
      "reading_order_available": true,
      "reading_order_method": "spatial"
    }
  ]
}