{
  "total_crops": 8,
  "pages": [
    {
      "page_number": 1,
      "crops": [
        {
          "reading_order": 1,
          "element_id": 0,
          "element_type": "section_header",
          "crop_path": "output_results/0001139626/cropped_sections/page_001_order_001_section_header_id_0.png",
          "crop_filename": "page_001_order_001_section_header_id_0.png",
          "original_bbox": {
            "left": 105.171875,
            "top": 217.741943359375,
            "right": 371.078125,
            "bottom": 231.3508097330729,
            "width": 265.90625,
            "height": 13.608866373697907
          },
          "crop_size": {
            "width": 296,
            "height": 44
          },
          "confidence": 0.6993224024772644
        },
        {
          "reading_order": 2,
          "element_id": 10,
          "element_type": "text",
          "crop_path": "output_results/0001139626/cropped_sections/page_001_order_002_text_id_10.png",
          "crop_filename": "page_001_order_002_text_id_10.png",
          "original_bbox": {
            "left": 180.08203125,
            "top": 234.375,
            "right": 370.0859375,
            "bottom": 242.94354248046875,
            "width": 190.00390625,
            "height": 8.56854248046875
          },
          "crop_size": {
            "width": 220,
            "height": 38
          },
          "confidence": 0.5221508741378784
        },
        {
          "reading_order": 3,
          "element_id": 5,
          "element_type": "table",
          "crop_path": "output_results/0001139626/cropped_sections/page_001_order_003_table_id_5.png",
          "crop_filename": "page_001_order_003_table_id_5.png",
          "original_bbox": {
            "left": 76.27429962158203,
            "top": 257.7882385253906,
            "right": 579.6356811523438,
            "bottom": 347.11163330078125,
            "width": 503.3613815307617,
            "height": 89.32339477539062
          },
          "crop_size": {
            "width": 533,
            "height": 120
          },
          "confidence": 0.5505762100219727
        },
        {
          "reading_order": 4,
          "element_id": 12,
          "element_type": "picture",
          "crop_path": "output_results/0001139626/cropped_sections/page_001_order_004_picture_id_12.png",
          "crop_filename": "page_001_order_004_picture_id_12.png",
          "original_bbox": {
            "left": 77.8076171875,
            "top": 347.243408203125,
            "right": 595.9915161132812,
            "bottom": 851.649169921875,
            "width": 518.1838989257812,
            "height": 504.40576171875
          },
          "crop_size": {
            "width": 548,
            "height": 534
          },
          "confidence": 0.5075271725654602
        },
        {
          "reading_order": 5,
          "element_id": 13,
          "element_type": "table",
          "crop_path": "output_results/0001139626/cropped_sections/page_001_order_005_table_id_13.png",
          "crop_filename": "page_001_order_005_table_id_13.png",
          "original_bbox": {
            "left": 77.8076171875,
            "top": 347.243408203125,
            "right": 595.9915161132812,
            "bottom": 851.649169921875,
            "width": 518.1838989257812,
            "height": 504.40576171875
          },
          "crop_size": {
            "width": 548,
            "height": 534
          },
          "confidence": 0.5029963850975037
        },
        {
          "reading_order": 6,
          "element_id": 3,
          "element_type": "text",
          "crop_path": "output_results/0001139626/cropped_sections/page_001_order_006_text_id_3.png",
          "crop_filename": "page_001_order_006_text_id_3.png",
          "original_bbox": {
            "left": 6.44921875,
            "top": 918.850830078125,
            "right": 200.421875,
            "bottom": 948.5887044270834,
            "width": 193.97265625,
            "height": 29.73787434895837
          },
          "crop_size": {
            "width": 215,
            "height": 60
          },
          "confidence": 0.6325004696846008
        },
        {
          "reading_order": 7,
          "element_id": 1,
          "element_type": "page_footer",
          "crop_path": "output_results/0001139626/cropped_sections/page_001_order_007_page_footer_id_1.png",
          "crop_filename": "page_001_order_007_page_footer_id_1.png",
          "original_bbox": {
            "left": 204.390625,
            "top": 910.7862955729166,
            "right": 414.734375,
            "bottom": 941.0282389322916,
            "width": 210.34375,
            "height": 30.241943359375
          },
          "crop_size": {
            "width": 240,
            "height": 61
          },
          "confidence": 0.650623083114624
        },
        {
          "reading_order": 8,
          "element_id": 14,
          "element_type": "picture",
          "crop_path": "output_results/0001139626/cropped_sections/page_001_order_008_picture_id_14.png",
          "crop_filename": "page_001_order_008_picture_id_14.png",
          "original_bbox": {
            "left": 484.9757080078125,
            "top": 875.4697875976562,
            "right": 516.7572631835938,
            "bottom": 925.665283203125,
            "width": 31.78155517578125,
            "height": 50.19549560546875
          },
          "crop_size": {
            "width": 62,
            "height": 80
          },
          "confidence": 0.5025207996368408
        }
      ],
      "success": true
    }
  ]
}