{
  "total_crops": 12,
  "pages": [
    {
      "page_number": 1,
      "crops": [
        {
          "reading_order": 1,
          "element_id": 25,
          "element_type": "key_value_region",
          "crop_path": "output_results/batch1-0021/cropped_sections/page_001_order_001_key_value_region_id_25.png",
          "crop_filename": "page_001_order_001_key_value_region_id_25.png",
          "original_bbox": {
            "left": 129.21875,
            "top": 71.91482035319011,
            "right": 982.0625,
            "bottom": 176.8397216796875,
            "width": 852.84375,
            "height": 104.92490132649739
          },
          "crop_size": {
            "width": 883,
            "height": 135
          },
          "confidence": 0.5344328880310059
        },
        {
          "reading_order": 2,
          "element_id": 14,
          "element_type": "section_header",
          "crop_path": "output_results/batch1-0021/cropped_sections/page_001_order_002_section_header_id_14.png",
          "crop_filename": "page_001_order_002_section_header_id_14.png",
          "original_bbox": {
            "left": 128.04403686523438,
            "top": 439.741455078125,
            "right": 260.78692626953125,
            "bottom": 481.0040283203125,
            "width": 132.74288940429688,
            "height": 41.2625732421875
          },
          "crop_size": {
            "width": 162,
            "height": 72
          },
          "confidence": 0.8947920799255371
        },
        {
          "reading_order": 3,
          "element_id": 8,
          "element_type": "section_header",
          "crop_path": "output_results/batch1-0021/cropped_sections/page_001_order_003_section_header_id_8.png",
          "crop_filename": "page_001_order_003_section_header_id_8.png",
          "original_bbox": {
            "left": 822.3011067708334,
            "top": 440.9203694661458,
            "right": 956.21875,
            "bottom": 479.8251139322917,
            "width": 133.91764322916663,
            "height": 38.90474446614587
          },
          "crop_size": {
            "width": 164,
            "height": 69
          },
          "confidence": 0.9183765053749084
        },
        {
          "reading_order": 4,
          "element_id": 3,
          "element_type": "text",
          "crop_path": "output_results/batch1-0021/cropped_sections/page_001_order_004_text_id_3.png",
          "crop_filename": "page_001_order_004_text_id_3.png",
          "original_bbox": {
            "left": 137.44176228841147,
            "top": 502.2248128255208,
            "right": 563.8636474609375,
            "bottom": 610.6865234375,
            "width": 426.421885172526,
            "height": 108.46171061197919
          },
          "crop_size": {
            "width": 456,
            "height": 138
          },
          "confidence": 0.9568591117858887
        },
        {
          "reading_order": 5,
          "element_id": 2,
          "element_type": "text",
          "crop_path": "output_results/batch1-0021/cropped_sections/page_001_order_005_text_id_2.png",
          "crop_filename": "page_001_order_005_text_id_2.png",
          "original_bbox": {
            "left": 830.524169921875,
            "top": 505.7615966796875,
            "right": 1126.5525716145833,
            "bottom": 610.6865234375,
            "width": 296.02840169270826,
            "height": 104.9249267578125
          },
          "crop_size": {
            "width": 326,
            "height": 135
          },
          "confidence": 0.9669433832168579
        },
        {
          "reading_order": 6,
          "element_id": 10,
          "element_type": "text",
          "crop_path": "output_results/batch1-0021/cropped_sections/page_001_order_006_text_id_10.png",
          "crop_filename": "page_001_order_006_text_id_10.png",
          "original_bbox": {
            "left": 138.6164754231771,
            "top": 649.5912272135416,
            "right": 427.5965983072917,
            "bottom": 680.2434488932291,
            "width": 288.9801228841146,
            "height": 30.6522216796875
          },
          "crop_size": {
            "width": 319,
            "height": 61
          },
          "confidence": 0.9108490347862244
        },
        {
          "reading_order": 7,
          "element_id": 17,
          "element_type": "key_value_region",
          "crop_path": "output_results/batch1-0021/cropped_sections/page_001_order_007_key_value_region_id_17.png",
          "crop_filename": "page_001_order_007_key_value_region_id_17.png",
          "original_bbox": {
            "left": 830.524169921875,
            "top": 649.5912272135416,
            "right": 1119.5042317708333,
            "bottom": 681.4224039713541,
            "width": 288.98006184895826,
            "height": 31.8311767578125
          },
          "crop_size": {
            "width": 319,
            "height": 62
          },
          "confidence": 0.7837198376655579
        },
        {
          "reading_order": 8,
          "element_id": 6,
          "element_type": "text",
          "crop_path": "output_results/batch1-0021/cropped_sections/page_001_order_008_text_id_6.png",
          "crop_filename": "page_001_order_008_text_id_6.png",
          "original_bbox": {
            "left": 138.6164754231771,
            "top": 684.9591471354166,
            "right": 630.8224283854166,
            "bottom": 715.6114095052084,
            "width": 492.2059529622395,
            "height": 30.652262369791742
          },
          "crop_size": {
            "width": 522,
            "height": 61
          },
          "confidence": 0.9273107647895813
        },
        {
          "reading_order": 9,
          "element_id": 5,
          "element_type": "section_header",
          "crop_path": "output_results/batch1-0021/cropped_sections/page_001_order_009_section_header_id_5.png",
          "crop_filename": "page_001_order_009_section_header_id_5.png",
          "original_bbox": {
            "left": 126.86932373046875,
            "top": 755.695068359375,
            "right": 254.9133504231771,
            "bottom": 796.9576822916666,
            "width": 128.04402669270834,
            "height": 41.26261393229163
          },
          "crop_size": {
            "width": 158,
            "height": 71
          },
          "confidence": 0.9429762363433838
        },
        {
          "reading_order": 10,
          "element_id": 0,
          "element_type": "table",
          "crop_path": "output_results/batch1-0021/cropped_sections/page_001_order_010_table_id_0.png",
          "crop_filename": "page_001_order_010_table_id_0.png",
          "original_bbox": {
            "left": 130.29733276367188,
            "top": 824.5924682617188,
            "right": 1520.392822265625,
            "bottom": 1489.9678955078125,
            "width": 1390.0954895019531,
            "height": 665.3754272460938
          },
          "crop_size": {
            "width": 1420,
            "height": 695
          },
          "confidence": 0.9916872382164001
        },
        {
          "reading_order": 11,
          "element_id": 4,
          "element_type": "section_header",
          "crop_path": "output_results/batch1-0021/cropped_sections/page_001_order_011_section_header_id_4.png",
          "crop_filename": "page_001_order_011_section_header_id_4.png",
          "original_bbox": {
            "left": 128.04403686523438,
            "top": 1537.32666015625,
            "right": 332.44460042317706,
            "bottom": 1576.2314453125,
            "width": 204.4005635579427,
            "height": 38.90478515625
          },
          "crop_size": {
            "width": 234,
            "height": 69
          },
          "confidence": 0.9485435485839844
        },
        {
          "reading_order": 12,
          "element_id": 1,
          "element_type": "table",