{
  "source_type": ".jpg",
  "document_metadata": {
    "total_pages": 1,
    "element_statistics": {
      "total_elements": 12,
      "by_type": {
        "key_value_region": 3,
        "section_header": 4,
        "text": 3,
        "table": 2
      }
    },
    "page_dimensions": [
      {
        "width": 1654.0,
        "height": 2339.0
      }
    ]
  },
  "pages": [
    {
      "page_number": 1,
      "dimensions": {
        "width": 1654.0,
        "height": 2339.0
      },
      "elements": [
        {
          "id": 25,
          "index": 0,
          "reading_order": 1,
          "reading_order_method": "spatial",
          "type": "key_value_region",
          "bounding_box": {
            "left": 130.39346313476562,
            "top": 73.09375,
            "right": 982.0625,
            "bottom": 176.8397216796875,
            "width": 851.6690368652344,
            "height": 103.7459716796875
          },
          "confidence": 0.5320363640785217,
          "cell_count": 3
        },
        {
          "id": 15,
          "index": 1,
          "reading_order": 2,
          "reading_order_method": "spatial",
          "type": "section_header",
          "bounding_box": {
            "left": 125.69460042317708,
            "top": 439.741455078125,
            "right": 263.13637288411456,
            "bottom": 482.1829833984375,
            "width": 137.4417724609375,
            "height": 42.4415283203125
          },
          "confidence": 0.8472194671630859,
          "cell_count": 1
        },
        {
          "id": 11,
          "index": 2,
          "reading_order": 3,
          "reading_order_method": "spatial",
          "type": "section_header",
          "bounding_box": {
            "left": 823.475830078125,
            "top": 440.9203694661458,
            "right": 957.3934733072916,
            "bottom": 481.0040283203125,
            "width": 133.91764322916663,
            "height": 40.083658854166686
          },
          "confidence": 0.9094395041465759,
          "cell_count": 1
        },
        {
          "id": 2,
          "index": 3,
          "reading_order": 4,
          "reading_order_method": "spatial",
          "type": "text",
          "bounding_box": {
            "left": 137.44176228841147,
            "top": 503.4037272135417,
            "right": 529.796875,
            "bottom": 613.0443522135416,
            "width": 392.3551127115885,
            "height": 109.64062499999994
          },
          "confidence": 0.969999372959137,
          "cell_count": 3
        },
        {
          "id": 3,
          "index": 4,
          "reading_order": 5,
          "reading_order_method": "spatial",
          "type": "text",
          "bounding_box": {
            "left": 830.524169921875,
            "top": 502.2248128255208,
            "right": 1231.102294921875,
            "bottom": 610.6865234375,
            "width": 400.578125,
            "height": 108.46171061197919
          },
          "confidence": 0.9561012983322144,
          "cell_count": 3
        },
        {
          "id": 12,
          "index": 5,
          "reading_order": 6,
          "reading_order_method": "spatial",
          "type": "key_value_region",
          "bounding_box": {
            "left": 138.6164754231771,
            "top": 649.5912272135416,
            "right": 428.7713216145833,
            "bottom": 680.2434488932291,
            "width": 290.15484619140625,
            "height": 30.6522216796875
          },
          "confidence": 0.9079610705375671,
          "cell_count": 1
        },
        {
          "id": 17,
          "index": 6,
          "reading_order": 7,
          "reading_order_method": "spatial",
          "type": "key_value_region",
          "bounding_box": {
            "left": 830.524169921875,
            "top": 649.5912272135416,
            "right": 1120.678955078125,
            "bottom": 681.4224039713541,
            "width": 290.15478515625,
            "height": 31.8311767578125
          },
          "confidence": 0.7799327373504639,
          "cell_count": 1
        },
        {
          "id": 7,
          "index": 7,
          "reading_order": 8,
          "reading_order_method": "spatial",
          "type": "text",
          "bounding_box": {
            "left": 138.6164754231771,
            "top": 684.9591471354166,
            "right": 635.5213216145834,
            "bottom": 715.6114095052084,
            "width": 496.90484619140625,
            "height": 30.652262369791742
          },
          "confidence": 0.9233322143554688,
          "cell_count": 1
        },
        {
          "id": 5,
          "index": 8,
          "reading_order": 9,
          "reading_order_method": "spatial",
          "type": "section_header",
          "bounding_box": {
            "left": 126.86932373046875,
            "top": 755.695068359375,
            "right": 254.9133504231771,
            "bottom": 796.9576822916666,
            "width": 128.04402669270834,
            "height": 41.26261393229163
          },
          "confidence": 0.942415714263916,
          "cell_count": 1
        },
        {
          "id": 0,
          "index": 9,
          "reading_order": 10,
          "reading_order_method": "spatial",
          "type": "table",
          "bounding_box": {
            "left": 130.2380828857422,
            "top": 823.8638916015625,
            "right": 1520.6729736328125,
            "bottom": 1719.442138671875,
            "width": 1390.4348907470703,
            "height": 895.5782470703125
          },
          "confidence": 0.9925023317337036,
          "cell_count": 79
        },
        {
          "id": 4,
          "index": 10,
          "reading_order": 11,
          "reading_order_method": "spatial",
          "type": "section_header",
          "bounding_box": {
            "left": 128.04403686523438,
            "top": 1764.8603515625,
            "right": 331.2698974609375,
            "bottom": 1803.76513671875,
            "width": 203.22586059570312,
            "height": 38.90478515625
          },
          "confidence": 0.9507785439491272,
          "cell_count": 1
        },
        {
          "id": 1,
          "index": 11,
          "reading_order": 12,
          "reading_order_method": "spatial",
          "type": "table",
          "bounding_box": {
            "left": 131.33180236816406,
            "top": 1835.3248291015625,
            "right": 1519.302001953125,
            "bottom": 2014.7071533203125,
            "width": 1387.970199584961,
            "height": 179.38232421875
          },
          "confidence": 0.9831074476242065,
          "cell_count": 12
        }
      ],
      "element_count": 12,
      "has_image": false,
      "reading_order_available": true,
      "reading_order_method": "spatial"
    }
  ]
}