{
  "total_crops": 13,
  "pages": [
    {
      "page_number": 1,
      "crops": [
        {
          "reading_order": 1,
          "element_id": 23,
          "element_type": "key_value_region",
          "crop_path": "output_results/batch1-0280/cropped_sections/page_001_order_001_key_value_region_id_23.png",
          "crop_filename": "page_001_order_001_key_value_region_id_23.png",
          "original_bbox": {
            "left": 128.04403686523438,
            "top": 73.09375,
            "right": 538.0198974609375,
            "bottom": 178.0186564127604,
            "width": 409.9758605957031,
            "height": 104.92490641276041
          },
          "crop_size": {
            "width": 440,
            "height": 135
          },
          "confidence": 0.5390805006027222
        },
        {
          "reading_order": 2,
          "element_id": 28,
          "element_type": "key_value_region",
          "crop_path": "output_results/batch1-0280/cropped_sections/page_001_order_002_key_value_region_id_28.png",
          "crop_filename": "page_001_order_002_key_value_region_id_28.png",
          "original_bbox": {
            "left": 133.30050659179688,
            "top": 140.64736938476562,
            "right": 977.3951416015625,
            "bottom": 170.60617065429688,
            "width": 844.0946350097656,
            "height": 29.95880126953125
          },
          "crop_size": {
            "width": 874,
            "height": 60
          },
          "confidence": 0.45989692211151123
        },
        {
          "reading_order": 3,
          "element_id": 19,
          "element_type": "text",
          "crop_path": "output_results/batch1-0280/cropped_sections/page_001_order_003_text_id_19.png",
          "crop_filename": "page_001_order_003_text_id_19.png",
          "original_bbox": {
            "left": 798.8068033854166,
            "top": 139.1139119466146,
            "right": 984.4119466145834,
            "bottom": 178.0186564127604,
            "width": 185.60514322916674,
            "height": 38.904744466145814
          },
          "crop_size": {
            "width": 216,
            "height": 69
          },
          "confidence": 0.710675835609436
        },
        {
          "reading_order": 4,
          "element_id": 11,
          "element_type": "section_header",
          "crop_path": "output_results/batch1-0280/cropped_sections/page_001_order_004_section_header_id_11.png",
          "crop_filename": "page_001_order_004_section_header_id_11.png",
          "original_bbox": {
            "left": 125.69460042317708,
            "top": 438.5625,
            "right": 261.96164957682294,
            "bottom": 482.1829833984375,
            "width": 136.26704915364587,
            "height": 43.6204833984375
          },
          "crop_size": {
            "width": 166,
            "height": 74
          },
          "confidence": 0.9123110771179199
        },
        {
          "reading_order": 5,
          "element_id": 6,
          "element_type": "section_header",
          "crop_path": "output_results/batch1-0280/cropped_sections/page_001_order_005_section_header_id_6.png",
          "crop_filename": "page_001_order_005_section_header_id_6.png",
          "original_bbox": {
            "left": 822.3011067708334,
            "top": 439.741455078125,
            "right": 957.3934733072916,
            "bottom": 481.0040283203125,
            "width": 135.09236653645826,
            "height": 41.2625732421875
          },
          "crop_size": {
            "width": 165,
            "height": 72
          },
          "confidence": 0.9347956776618958
        },
        {
          "reading_order": 6,
          "element_id": 3,
          "element_type": "text",
          "crop_path": "output_results/batch1-0280/cropped_sections/page_001_order_006_text_id_3.png",
          "crop_filename": "page_001_order_006_text_id_3.png",
          "original_bbox": {
            "left": 137.44176228841147,
            "top": 504.5826822916667,
            "right": 519.2244466145834,
            "bottom": 610.6865234375,
            "width": 381.7826843261719,
            "height": 106.10384114583331
          },
          "crop_size": {
            "width": 412,
            "height": 136
          },
          "confidence": 0.9714909791946411
        },
        {
          "reading_order": 7,
          "element_id": 2,
          "element_type": "text",
          "crop_path": "output_results/batch1-0280/cropped_sections/page_001_order_007_text_id_2.png",
          "crop_filename": "page_001_order_007_text_id_2.png",
          "original_bbox": {
            "left": 832.8736165364584,
            "top": 506.9405517578125,
            "right": 1187.6377766927083,
            "bottom": 610.6865234375,
            "width": 354.7641601562499,
            "height": 103.7459716796875
          },
          "crop_size": {
            "width": 385,
            "height": 134
          },
          "confidence": 0.9716131687164307
        },
        {
          "reading_order": 8,
          "element_id": 9,
          "element_type": "key_value_region",
          "crop_path": "output_results/batch1-0280/cropped_sections/page_001_order_008_key_value_region_id_9.png",
          "crop_filename": "page_001_order_008_key_value_region_id_9.png",
          "original_bbox": {
            "left": 138.6164754231771,
            "top": 649.5912272135416,
            "right": 634.3465983072916,
            "bottom": 714.4324544270834,
            "width": 495.7301228841145,
            "height": 64.84122721354174
          },
          "crop_size": {
            "width": 526,
            "height": 95
          },
          "confidence": 0.9147552847862244
        },
        {
          "reading_order": 9,
          "element_id": 17,
          "element_type": "key_value_region",
          "crop_path": "output_results/batch1-0280/cropped_sections/page_001_order_009_key_value_region_id_17.png",
          "crop_filename": "page_001_order_009_key_value_region_id_17.png",
          "original_bbox": {
            "left": 830.524169921875,
            "top": 649.5912272135416,
            "right": 1119.5042317708333,
            "bottom": 681.4224039713541,
            "width": 288.98006184895826,
            "height": 31.8311767578125
          },
          "crop_size": {
            "width": 319,
            "height": 62
          },
          "confidence": 0.7961461544036865
        },
        {
          "reading_order": 10,
          "element_id": 5,
          "element_type": "section_header",
          "crop_path": "output_results/batch1-0280/cropped_sections/page_001_order_010_section_header_id_5.png",
          "crop_filename": "page_001_order_010_section_header_id_5.png",
          "original_bbox": {
            "left": 125.69460042317708,
            "top": 755.695068359375,
            "right": 254.9133504231771,
            "bottom": 795.7787272135416,
            "width": 129.21875,
            "height": 40.08365885416663
          },
          "crop_size": {
            "width": 159,
            "height": 70
          },
          "confidence": 0.9416335821151733
        },
        {
          "reading_order": 11,
          "element_id": 0,
          "element_type": "table",
          "crop_path": "output_results/batch1-0280/cropped_sections/page_001_order_011_table_id_0.png",
          "crop_filename": "page_001_order_011_table_id_0.png",
          "original_bbox": {
            "left": 131.00344848632812,
            "top": 824.6734619140625,
            "right": 1519.6580810546875,
            "bottom": 1145.194091796875,
            "width": 1388.6546325683594,
            "height": 320.5206298828125
          },
          "crop_size": {
            "width": 1418,
            "height": 351
          },
          "confidence": 0.9884264469146729
        },
        {
          "reading_order": 12,
          "element_id": 4,