{
  "total_crops": 13,
  "pages": [
    {
      "page_number": 1,
      "crops": [
        {
          "reading_order": 1,
          "element_id": 22,
          "element_type": "key_value_region",
          "crop_path": "output_results/batch1-0001/cropped_sections/page_001_order_001_key_value_region_id_22.png",
          "crop_filename": "page_001_order_001_key_value_region_id_22.png",
          "original_bbox": {
            "left": 130.39346313476562,
            "top": 73.09375,
            "right": 982.0625,
            "bottom": 176.8397216796875,
            "width": 851.6690368652344,
            "height": 103.7459716796875
          },
          "crop_size": {
            "width": 882,
            "height": 133
          },
          "confidence": 0.557704508304596
        },
        {
          "reading_order": 2,
          "element_id": 15,
          "element_type": "section_header",
          "crop_path": "output_results/batch1-0001/cropped_sections/page_001_order_002_section_header_id_15.png",
          "crop_filename": "page_001_order_002_section_header_id_15.png",
          "original_bbox": {
            "left": 128.04403686523438,
            "top": 439.741455078125,
            "right": 260.78692626953125,
            "bottom": 482.1829833984375,
            "width": 132.74288940429688,
            "height": 42.4415283203125
          },
          "crop_size": {
            "width": 162,
            "height": 73
          },
          "confidence": 0.8633030652999878
        },
        {
          "reading_order": 3,
          "element_id": 9,
          "element_type": "section_header",
          "crop_path": "output_results/batch1-0001/cropped_sections/page_001_order_003_section_header_id_9.png",
          "crop_filename": "page_001_order_003_section_header_id_9.png",
          "original_bbox": {
            "left": 823.475830078125,
            "top": 440.9203694661458,
            "right": 956.21875,
            "bottom": 481.0040283203125,
            "width": 132.742919921875,
            "height": 40.083658854166686
          },
          "crop_size": {
            "width": 163,
            "height": 71
          },
          "confidence": 0.914316713809967
        },
        {
          "reading_order": 4,
          "element_id": 2,
          "element_type": "text",
          "crop_path": "output_results/batch1-0001/cropped_sections/page_001_order_004_text_id_2.png",
          "crop_filename": "page_001_order_004_text_id_2.png",
          "original_bbox": {
            "left": 138.6164754231771,
            "top": 506.9405517578125,
            "right": 527.4474283854166,
            "bottom": 611.8654378255209,
            "width": 388.8309529622395,
            "height": 104.92488606770837
          },
          "crop_size": {
            "width": 419,
            "height": 135
          },
          "confidence": 0.9656230807304382
        },
        {
          "reading_order": 5,
          "element_id": 4,
          "element_type": "text",
          "crop_path": "output_results/batch1-0001/cropped_sections/page_001_order_005_text_id_4.png",
          "crop_filename": "page_001_order_005_text_id_4.png",
          "original_bbox": {
            "left": 830.524169921875,
            "top": 505.7615966796875,
            "right": 1268.6931966145833,
            "bottom": 611.8654378255209,
            "width": 438.16902669270826,
            "height": 106.10384114583337
          },
          "crop_size": {
            "width": 468,
            "height": 136
          },
          "confidence": 0.9431470036506653
        },
        {
          "reading_order": 6,
          "element_id": 11,
          "element_type": "key_value_region",
          "crop_path": "output_results/batch1-0001/cropped_sections/page_001_order_006_key_value_region_id_11.png",
          "crop_filename": "page_001_order_006_key_value_region_id_11.png",
          "original_bbox": {
            "left": 138.6164754231771,
            "top": 649.5912272135416,
            "right": 427.5965983072917,
            "bottom": 680.2434488932291,
            "width": 288.9801228841146,
            "height": 30.6522216796875
          },
          "crop_size": {
            "width": 319,
            "height": 61
          },
          "confidence": 0.9130181670188904
        },
        {
          "reading_order": 7,
          "element_id": 6,
          "element_type": "text",
          "crop_path": "output_results/batch1-0001/cropped_sections/page_001_order_007_text_id_6.png",
          "crop_filename": "page_001_order_007_text_id_6.png",
          "original_bbox": {
            "left": 830.524169921875,
            "top": 649.5912272135416,
            "right": 1119.5042317708333,
            "bottom": 681.4224039713541,
            "width": 288.98006184895826,
            "height": 31.8311767578125
          },
          "crop_size": {
            "width": 319,
            "height": 62
          },
          "confidence": 0.9264950752258301
        },
        {
          "reading_order": 8,
          "element_id": 17,
          "element_type": "key_value_region",
          "crop_path": "output_results/batch1-0001/cropped_sections/page_001_order_008_key_value_region_id_17.png",
          "crop_filename": "page_001_order_008_key_value_region_id_17.png",
          "original_bbox": {
            "left": 831.7250366210938,
            "top": 649.9075927734375,
            "right": 1115.9273681640625,
            "bottom": 675.7009887695312,
            "width": 284.20233154296875,
            "height": 25.79339599609375
          },
          "crop_size": {
            "width": 314,
            "height": 56
          },
          "confidence": 0.7870317697525024
        },
        {
          "reading_order": 9,
          "element_id": 7,
          "element_type": "text",
          "crop_path": "output_results/batch1-0001/cropped_sections/page_001_order_009_text_id_7.png",
          "crop_filename": "page_001_order_009_text_id_7.png",
          "original_bbox": {
            "left": 137.44176228841147,
            "top": 682.601318359375,
            "right": 631.9971516927084,
            "bottom": 716.7903645833334,
            "width": 494.5553894042969,
            "height": 34.18904622395837
          },
          "crop_size": {
            "width": 524,
            "height": 64
          },
          "confidence": 0.9238669276237488
        },
        {
          "reading_order": 10,
          "element_id": 5,
          "element_type": "section_header",
          "crop_path": "output_results/batch1-0001/cropped_sections/page_001_order_010_section_header_id_5.png",
          "crop_filename": "page_001_order_010_section_header_id_5.png",
          "original_bbox": {
            "left": 126.86932373046875,
            "top": 755.695068359375,
            "right": 254.9133504231771,
            "bottom": 795.7787272135416,
            "width": 128.04402669270834,
            "height": 40.08365885416663
          },
          "crop_size": {
            "width": 158,
            "height": 70
          },
          "confidence": 0.9414736032485962
        },
        {
          "reading_order": 11,
          "element_id": 0,
          "element_type": "table",
          "crop_path": "output_results/batch1-0001/cropped_sections/page_001_order_011_table_id_0.png",
          "crop_filename": "page_001_order_011_table_id_0.png",
          "original_bbox": {
            "left": 130.13668823242188,
            "top": 824.2139892578125,
            "right": 1520.516357421875,
            "bottom": 1664.5726318359375,
            "width": 1390.3796691894531,
            "height": 840.358642578125
          },
          "crop_size": {
            "width": 1420,
            "height": 870
          },
          "confidence": 0.992741584777832
        },
        {
          "reading_order": 12,
          "element_id": 3,
          "element_type": "section_header",